_line,ship_fee,datetime,orders_id,purchase_cost,turnover
1,3.43,2021-10-01 00:00:00UTC,1002562,106.49,126.27
2,0.0,2021-10-01 00:00:00UTC,1002563,100.79,146.18
3,0.93,2021-10-01 00:00:00UTC,1002564,13.8,16.14
4,0.0,2021-10-01 00:00:00UTC,1002565,73.86,102.7
5,7.35,2021-10-01 00:00:00UTC,1002566,15.97,21.55
6,7.35,2021-10-01 00:00:00UTC,1002567,62.44,81.36
7,0.0,2021-10-01 00:00:00UTC,1002568,99.9,147.55
8,3.43,2021-10-01 00:00:00UTC,1002569,63.37,73.57
9,0.93,2021-10-01 00:00:00UTC,1002570,77.04,133.3
10,3.43,2021-10-01 00:00:00UTC,1002571,50.98,66.88
11,0.93,2021-10-01 00:00:00UTC,1002572,22.29,30.37
12,0.93,2021-10-01 00:00:00UTC,1002573,38.02,62.58
13,3.43,2021-10-01 00:00:00UTC,1002574,87.69,127.02
14,0.0,2021-10-01 00:00:00UTC,1002575,86.88,140.64
15,0.0,2021-10-01 00:00:00UTC,1002576,28.29,52.56
16,0.0,2021-10-01 00:00:00UTC,1002577,32.12,57.9
17,3.43,2021-10-01 00:00:00UTC,1002578,43.32,83.56
18,0.93,2021-10-01 00:00:00UTC,1002579,69.33,89.49
19,7.35,2021-10-01 00:00:00UTC,1002580,3.86,6.07
20,3.43,2021-10-01 00:00:00UTC,1002581,50.52,84.01
21,0.93,2021-10-01 00:00:00UTC,1002582,64.4,90.44
22,0.93,2021-10-01 00:00:00UTC,1002583,28.33,38.21
23,0.93,2021-10-01 00:00:00UTC,1002584,45.23,53.85
24,3.43,2021-10-01 00:00:00UTC,1002585,74.5,129.79
25,7.35,2021-10-01 00:00:00UTC,1002586,23.69,45.16
26,0.93,2021-10-01 00:00:00UTC,1002587,44.66,64.48
27,0.0,2021-10-01 00:00:00UTC,1002588,92.56,109.69
28,7.35,2021-10-01 00:00:00UTC,1002589,38.37,43.77
29,0.0,2021-10-01 00:00:00UTC,1002590,88.23,114.55
30,7.35,2021-10-01 00:00:00UTC,1002591,89.6,146.24
31,7.35,2021-10-01 00:00:00UTC,1002592,91.68,107.46
32,3.43,2021-10-01 00:00:00UTC,1002593,50.04,63.85
33,3.43,2021-10-01 00:00:00UTC,1002594,31.99,38.06
34,0.93,2021-10-01 00:00:00UTC,1002595,91.33,113.67
35,0.93,2021-10-01 00:00:00UTC,1002596,55.26,98.07
36,3.43,2021-10-01 00:00:00UTC,1002597,69.48,114.17
37,0.0,2021-10-01 00:00:00UTC,1002598,58.51,74.92
38,0.93,2021-10-01 00:00:00UTC,1002599,113.75,130.88
39,0.93,2021-10-01 00:00:00UTC,1002600,82.97,145.66
40,0.93,2021-10-01 00:00:00UTC,1002601,75.78,146.23
41,0.93,2021-10-01 00:00:00UTC,1002602,45.36,57.59
42,7.35,2021-10-01 00:00:00UTC,1002603,70.15,126.53
43,0.93,2021-10-01 00:00:00UTC,1002604,4.02,5.94
44,7.35,2021-10-01 00:00:00UTC,1002605,43.36,57.94
45,0.93,2021-10-01 00:00:00UTC,1002606,81.51,141.06
46,3.43,2021-10-01 00:00:00UTC,1002607,41.53,55.57
47,7.35,2021-10-01 00:00:00UTC,1002608,28.85,39.62
48,0.0,2021-10-01 00:00:00UTC,1002609,51.07,68.03
49,0.93,2021-10-01 00:00:00UTC,1002610,59.96,70.35
50,0.0,2021-10-01 00:00:00UTC,1002611,21.6,25.15
51,0.0,2021-10-01 00:00:00UTC,1002612,19.93,24.39
52,0.93,2021-10-01 00:00:00UTC,1002613,24.48,39.95
53,7.35,2021-10-01 00:00:00UTC,1002614,81.91,135.13
54,0.93,2021-10-01 00:00:00UTC,1002615,66.76,78.58
55,0.0,2021-10-01 00:00:00UTC,1002616,14.95,20.85
56,0.0,2021-10-01 00:00:00UTC,1002617,59.55,67.87
57,0.0,2021-10-01 00:00:00UTC,1002618,85.94,117.04
58,7.35,2021-10-01 00:00:00UTC,1002619,42.32,78.43
59,0.0,2021-10-01 00:00:00UTC,1002620,31.45,40.48
60,3.43,2021-10-01 00:00:00UTC,1002621,79.38,98.39
61,7.35,2021-10-02 00:00:00UTC,1002622,40.67,64.18
62,7.35,2021-10-02 00:00:00UTC,1002623,62.58,96.11
63,0.93,2021-10-02 00:00:00UTC,1002624,10.32,20.04
64,0.0,2021-10-02 00:00:00UTC,1002625,72.3,139.23
65,0.93,2021-10-02 00:00:00UTC,1002626,53.54,83.4
66,3.43,2021-10-02 00:00:00UTC,1002627,98.87,114.86
67,0.93,2021-10-02 00:00:00UTC,1002628,15.71,26.78
68,7.35,2021-10-02 00:00:00UTC,1002629,4.24,6.4
69,0.0,2021-10-02 00:00:00UTC,1002630,75.47,103.3
70,0.93,2021-10-02 00:00:00UTC,1002631,18.37,26.08
71,7.35,2021-10-02 00:00:00UTC,1002632,20.41,24.78
72,3.43,2021-10-02 00:00:00UTC,1002633,63.84,94.9
73,0.93,2021-10-02 00:00:00UTC,1002634,78.9,93.83
74,0.0,2021-10-02 00:00:00UTC,1002635,42.67,56.62
75,0.0,2021-10-02 00:00:00UTC,1002636,42.8,60.96
76,0.93,2021-10-02 00:00:00UTC,1002637,57.66,69.96
77,0.93,2021-10-02 00:00:00UTC,1002638,55.17,76.7
78,0.93,2021-10-02 00:00:00UTC,1002639,123.48,146.35
79,0.0,2021-10-02 00:00:00UTC,1002640,35.58,66.92
80,0.93,2021-10-02 00:00:00UTC,1002641,9.31,17.41
81,0.93,2021-10-02 00:00:00UTC,1002642,43.75,49.84
82,7.35,2021-10-02 00:00:00UTC,1002643,93.25,119.1
83,7.35,2021-10-02 00:00:00UTC,1002644,60.4,76.98
84,0.93,2021-10-02 00:00:00UTC,1002645,11.19,17.45
85,0.93,2021-10-02 00:00:00UTC,1002646,78.15,144.99
86,0.0,2021-10-02 00:00:00UTC,1002647,69.0,79.09
87,0.0,2021-10-02 00:00:00UTC,1002648,33.92,54.87
88,0.0,2021-10-02 00:00:00UTC,1002649,28.04,41.26
89,0.93,2021-10-02 00:00:00UTC,1002650,56.54,101.58
90,3.43,2021-10-02 00:00:00UTC,1002651,37.24,66.6
91,0.93,2021-10-02 00:00:00UTC,1002652,26.03,32.78
92,3.43,2021-10-02 00:00:00UTC,1002653,33.83,62.24
93,0.93,2021-10-02 00:00:00UTC,1002654,64.77,98.24
94,3.43,2021-10-02 00:00:00UTC,1002655,51.43,60.4
95,0.0,2021-10-02 00:00:00UTC,1002656,53.82,62.35
96,3.43,2021-10-02 00:00:00UTC,1002657,108.39,146.19
97,0.0,2021-10-02 00:00:00UTC,1002658,26.55,0.0
98,3.43,2021-10-02 00:00:00UTC,1002659,85.73,119.79
99,0.93,2021-10-02 00:00:00UTC,1002660,67.06,93.95
100,7.35,2021-10-02 00:00:00UTC,1002661,82.14,96.83
101,3.43,2021-10-02 00:00:00UTC,1002662,28.34,54.55
102,0.93,2021-10-02 00:00:00UTC,1002663,67.21,77.81
103,7.35,2021-10-02 00:00:00UTC,1002664,73.35,85.72
104,0.0,2021-10-02 00:00:00UTC,1002665,90.21,105.23
105,0.0,2021-10-02 00:00:00UTC,1002666,29.87,53.81
106,3.43,2021-10-02 00:00:00UTC,1002667,89.14,106.08
107,7.35,2021-10-02 00:00:00UTC,1002668,73.41,101.09
108,0.0,2021-10-02 00:00:00UTC,1002669,51.2,72.66
109,3.43,2021-10-02 00:00:00UTC,1002670,47.05,88.89
110,3.43,2021-10-02 00:00:00UTC,1002671,87.55,111.06
111,0.0,2021-10-02 00:00:00UTC,1002672,25.17,34.29
112,3.43,2021-10-02 00:00:00UTC,1002673,116.73,139.23
113,7.35,2021-10-02 00:00:00UTC,1002674,80.06,137.14
114,0.0,2021-10-02 00:00:00UTC,1002675,34.51,50.85
115,0.0,2021-10-02 00:00:00UTC,1002676,6.29,12.5
116,7.35,2021-10-02 00:00:00UTC,1002677,71.73,124.01
117,0.0,2021-10-02 00:00:00UTC,1002678,72.49,85.86
118,3.43,2021-10-02 00:00:00UTC,1002679,131.41,146.44
119,7.35,2021-10-02 00:00:00UTC,1002680,4.87,6.1
120,7.35,2021-10-02 00:00:00UTC,1002681,48.16,57.6
121,0.0,2021-10-03 00:00:00UTC,1002682,13.47,25.35
122,0.93,2021-10-03 00:00:00UTC,1002683,16.61,18.48
123,7.35,2021-10-03 00:00:00UTC,1002684,112.46,131.78
124,7.35,2021-10-03 00:00:00UTC,1002685,108.19,145.32
125,0.0,2021-10-03 00:00:00UTC,1002686,32.77,54.03
126,3.43,2021-10-03 00:00:00UTC,1002687,73.72,141.23
127,0.0,2021-10-03 00:00:00UTC,1002688,58.81,101.49
128,7.35,2021-10-03 00:00:00UTC,1002689,13.12,22.82
129,0.0,2021-10-03 00:00:00UTC,1002690,86.07,126.88
130,7.35,2021-10-03 00:00:00UTC,1002691,66.38,132.09
131,0.0,2021-10-03 00:00:00UTC,1002692,14.51,16.33
132,0.0,2021-10-03 00:00:00UTC,1002693,15.02,20.51
133,0.93,2021-10-03 00:00:00UTC,1002694,95.65,134.63
134,0.0,2021-10-03 00:00:00UTC,1002695,66.2,83.67
135,0.0,2021-10-03 00:00:00UTC,1002696,76.48,131.27
136,0.93,2021-10-03 00:00:00UTC,1002697,81.8,111.86
137,7.35,2021-10-03 00:00:00UTC,1002698,89.6,132.47
138,0.93,2021-10-03 00:00:00UTC,1002699,41.85,52.51
139,7.35,2021-10-03 00:00:00UTC,1002700,68.26,102.21
140,0.0,2021-10-03 00:00:00UTC,1002701,93.57,136.37
141,0.0,2021-10-03 00:00:00UTC,1002702,88.46,139.26
142,0.93,2021-10-03 00:00:00UTC,1002703,45.58,67.93
143,0.0,2021-10-03 00:00:00UTC,1002704,55.1,100.91
144,0.93,2021-10-03 00:00:00UTC,1002705,72.62,83.37
145,3.43,2021-10-03 00:00:00UTC,1002706,5.39,7.09
146,0.0,2021-10-03 00:00:00UTC,1002707,6.1,10.7
147,7.35,2021-10-03 00:00:00UTC,1002708,39.04,43.91
148,3.43,2021-10-03 00:00:00UTC,1002709,22.29,40.63
149,3.43,2021-10-03 00:00:00UTC,1002710,33.86,47.17
150,0.0,2021-10-03 00:00:00UTC,1002711,41.01,49.81
151,0.93,2021-10-03 00:00:00UTC,1002712,90.74,110.66
152,3.43,2021-10-03 00:00:00UTC,1002713,39.28,70.17
153,3.43,2021-10-03 00:00:00UTC,1002714,72.87,81.57
154,0.93,2021-10-03 00:00:00UTC,1002715,70.71,93.01
155,3.43,2021-10-03 00:00:00UTC,1002716,7.14,10.02
156,0.93,2021-10-03 00:00:00UTC,1002717,6.74,12.5
157,7.35,2021-10-03 00:00:00UTC,1002718,45.08,65.63
158,0.0,2021-10-03 00:00:00UTC,1002719,73.56,88.62
159,0.0,2021-10-03 00:00:00UTC,1002720,83.26,140.63
160,0.0,2021-10-03 00:00:00UTC,1002721,109.15,122.81
161,3.43,2021-10-03 00:00:00UTC,1002722,66.96,126.7
162,7.35,2021-10-03 00:00:00UTC,1002723,34.29,53.49
163,3.43,2021-10-03 00:00:00UTC,1002724,88.24,149.69
164,3.43,2021-10-03 00:00:00UTC,1002725,42.79,83.61
165,3.43,2021-10-03 00:00:00UTC,1002726,49.13,80.02
166,0.93,2021-10-03 00:00:00UTC,1002727,73.78,112.05
167,0.93,2021-10-03 00:00:00UTC,1002728,43.51,80.14
168,0.93,2021-10-03 00:00:00UTC,1002729,39.04,47.81
169,7.35,2021-10-03 00:00:00UTC,1002730,73.55,121.36
170,0.93,2021-10-03 00:00:00UTC,1002731,84.4,131.54
171,0.0,2021-10-03 00:00:00UTC,1002732,54.93,65.63
172,3.43,2021-10-03 00:00:00UTC,1002733,3.75,6.4
173,0.0,2021-10-03 00:00:00UTC,1002734,36.68,46.6
174,0.0,2021-10-03 00:00:00UTC,1002735,49.19,93.92
175,0.93,2021-10-03 00:00:00UTC,1002736,100.44,137.21
176,0.0,2021-10-03 00:00:00UTC,1002737,59.45,100.66
177,7.35,2021-10-03 00:00:00UTC,1002738,27.94,38.87
178,0.93,2021-10-03 00:00:00UTC,1002739,30.19,40.26
179,7.35,2021-10-03 00:00:00UTC,1002740,84.22,135.53
180,3.43,2021-10-03 00:00:00UTC,1002741,48.95,78.39
181,0.0,2021-10-04 00:00:00UTC,1002742,21.64,35.0
182,0.93,2021-10-04 00:00:00UTC,1002743,39.46,59.58
183,0.0,2021-10-04 00:00:00UTC,1002744,36.96,47.57
184,3.43,2021-10-04 00:00:00UTC,1002745,15.15,18.76
185,0.0,2021-10-04 00:00:00UTC,1002746,13.15,22.71
186,0.0,2021-10-04 00:00:00UTC,1002747,70.6,113.83
187,3.43,2021-10-04 00:00:00UTC,1002748,110.24,125.55
188,0.0,2021-10-04 00:00:00UTC,1002749,12.67,17.27
189,7.35,2021-10-04 00:00:00UTC,1002750,52.11,78.9
190,0.0,2021-10-04 00:00:00UTC,1002751,63.16,118.17
191,0.93,2021-10-04 00:00:00UTC,1002752,24.57,48.04
192,0.0,2021-10-04 00:00:00UTC,1002753,9.57,16.77
193,0.93,2021-10-04 00:00:00UTC,1002754,85.49,109.1
194,3.43,2021-10-04 00:00:00UTC,1002755,17.06,0.0
195,0.93,2021-10-04 00:00:00UTC,1002756,92.58,135.07
196,3.43,2021-10-04 00:00:00UTC,1002757,30.07,36.7
197,3.43,2021-10-04 00:00:00UTC,1002758,125.0,147.64
198,7.35,2021-10-04 00:00:00UTC,1002759,15.29,24.62
199,3.43,2021-10-04 00:00:00UTC,1002760,30.27,59.25
200,0.0,2021-10-04 00:00:00UTC,1002761,35.25,68.41
201,0.0,2021-10-04 00:00:00UTC,1002762,67.22,118.31
202,0.93,2021-10-04 00:00:00UTC,1002763,55.84,105.75
203,0.93,2021-10-04 00:00:00UTC,1002764,19.82,23.53
204,3.43,2021-10-04 00:00:00UTC,1002765,56.86,95.03
205,0.0,2021-10-04 00:00:00UTC,1002766,44.97,80.47
206,0.93,2021-10-04 00:00:00UTC,1002767,75.26,134.46
207,3.43,2021-10-04 00:00:00UTC,1002768,94.05,146.48
208,0.93,2021-10-04 00:00:00UTC,1002769,31.13,47.98
209,7.35,2021-10-04 00:00:00UTC,1002770,60.52,76.0
210,0.0,2021-10-04 00:00:00UTC,1002771,19.66,33.55
211,3.43,2021-10-04 00:00:00UTC,1002772,60.28,68.05
212,7.35,2021-10-04 00:00:00UTC,1002773,15.35,24.85
213,0.93,2021-10-04 00:00:00UTC,1002774,12.28,14.54
214,3.43,2021-10-04 00:00:00UTC,1002775,40.57,56.27
215,0.93,2021-10-04 00:00:00UTC,1002776,86.87,143.17
216,0.0,2021-10-04 00:00:00UTC,1002777,61.76,72.26
217,0.0,2021-10-04 00:00:00UTC,1002778,46.65,74.47
218,3.43,2021-10-04 00:00:00UTC,1002779,43.71,76.78
219,0.0,2021-10-04 00:00:00UTC,1002780,43.7,56.56
220,7.35,2021-10-04 00:00:00UTC,1002781,20.85,25.52
221,3.43,2021-10-04 00:00:00UTC,1002782,61.39,83.73
222,0.0,2021-10-04 00:00:00UTC,1002783,80.06,104.35
223,0.0,2021-10-04 00:00:00UTC,1002784,17.23,30.49
224,0.0,2021-10-04 00:00:00UTC,1002785,29.76,48.35
225,3.43,2021-10-04 00:00:00UTC,1002786,5.29,9.32
226,0.0,2021-10-04 00:00:00UTC,1002787,20.94,40.84
227,7.35,2021-10-04 00:00:00UTC,1002788,110.37,136.53
228,7.35,2021-10-04 00:00:00UTC,1002789,29.59,53.8
229,7.35,2021-10-04 00:00:00UTC,1002790,4.42,8.18
230,7.35,2021-10-04 00:00:00UTC,1002791,80.16,93.48
231,0.0,2021-10-04 00:00:00UTC,1002792,14.7,26.84
232,0.93,2021-10-04 00:00:00UTC,1002793,10.96,17.18
233,0.0,2021-10-04 00:00:00UTC,1002794,50.91,58.43
234,0.0,2021-10-04 00:00:00UTC,1002795,90.47,120.64
235,3.43,2021-10-04 00:00:00UTC,1002796,80.31,144.74
236,7.35,2021-10-04 00:00:00UTC,1002797,65.46,109.79
237,0.0,2021-10-04 00:00:00UTC,1002798,13.1,22.66
238,7.35,2021-10-04 00:00:00UTC,1002799,108.49,126.14
239,7.35,2021-10-04 00:00:00UTC,1002800,49.14,82.56
240,7.35,2021-10-04 00:00:00UTC,1002801,4.07,7.58
241,3.43,2021-10-05 00:00:00UTC,1002802,89.98,116.23
242,7.35,2021-10-05 00:00:00UTC,1002803,72.06,132.4
243,0.0,2021-10-05 00:00:00UTC,1002804,65.99,101.41
244,7.35,2021-10-05 00:00:00UTC,1002805,91.85,149.85
245,0.93,2021-10-05 00:00:00UTC,1002806,4.1,6.87
246,0.93,2021-10-05 00:00:00UTC,1002807,113.44,138.18
247,0.0,2021-10-05 00:00:00UTC,1002808,94.72,118.52
248,0.0,2021-10-05 00:00:00UTC,1002809,100.86,148.45
249,3.43,2021-10-05 00:00:00UTC,1002810,64.17,128.28
250,0.93,2021-10-05 00:00:00UTC,1002811,90.48,112.87
251,3.43,2021-10-05 00:00:00UTC,1002812,49.07,74.87
252,0.93,2021-10-05 00:00:00UTC,1002813,20.16,37.54
253,0.0,2021-10-05 00:00:00UTC,1002814,87.73,111.27
254,0.0,2021-10-05 00:00:00UTC,1002815,104.94,148.67
255,3.43,2021-10-05 00:00:00UTC,1002816,62.23,118.74
256,3.43,2021-10-05 00:00:00UTC,1002817,89.16,145.98
257,3.43,2021-10-05 00:00:00UTC,1002818,84.21,99.22
258,7.35,2021-10-05 00:00:00UTC,1002819,55.95,64.33
259,0.93,2021-10-05 00:00:00UTC,1002820,43.16,71.11
260,0.0,2021-10-05 00:00:00UTC,1002821,38.86,62.02
261,7.35,2021-10-05 00:00:00UTC,1002822,8.18,12.61
262,0.93,2021-10-05 00:00:00UTC,1002823,112.08,125.37
263,0.0,2021-10-05 00:00:00UTC,1002824,9.87,14.82
264,3.43,2021-10-05 00:00:00UTC,1002825,29.43,37.8
265,7.35,2021-10-05 00:00:00UTC,1002826,89.2,100.06
266,3.43,2021-10-05 00:00:00UTC,1002827,11.99,19.41
267,3.43,2021-10-05 00:00:00UTC,1002828,102.3,147.82
268,7.35,2021-10-05 00:00:00UTC,1002829,122.7,149.59
269,0.93,2021-10-05 00:00:00UTC,1002830,10.74,17.67
270,0.0,2021-10-05 00:00:00UTC,1002831,87.22,118.96
271,7.35,2021-10-05 00:00:00UTC,1002832,13.11,16.2
272,0.0,2021-10-05 00:00:00UTC,1002833,4.39,5.24
273,0.0,2021-10-05 00:00:00UTC,1002834,29.38,47.3
274,0.0,2021-10-05 00:00:00UTC,1002835,63.3,94.58
275,0.93,2021-10-05 00:00:00UTC,1002836,40.98,52.48
276,3.43,2021-10-05 00:00:00UTC,1002837,23.88,40.4
277,7.35,2021-10-05 00:00:00UTC,1002838,99.1,115.98
278,0.0,2021-10-05 00:00:00UTC,1002839,17.21,21.33
279,0.0,2021-10-05 00:00:00UTC,1002840,71.97,140.7
280,7.35,2021-10-05 00:00:00UTC,1002841,40.34,53.16
281,7.35,2021-10-05 00:00:00UTC,1002842,58.72,90.31
282,0.93,2021-10-05 00:00:00UTC,1002843,12.71,17.62
283,7.35,2021-10-05 00:00:00UTC,1002844,89.98,115.02
284,0.93,2021-10-05 00:00:00UTC,1002845,63.89,93.5
285,3.43,2021-10-05 00:00:00UTC,1002846,22.69,43.49
286,7.35,2021-10-05 00:00:00UTC,1002847,93.45,113.36
287,0.93,2021-10-05 00:00:00UTC,1002848,99.75,116.33
288,0.93,2021-10-05 00:00:00UTC,1002849,62.63,111.58
289,0.93,2021-10-05 00:00:00UTC,1002850,82.88,105.31
290,7.35,2021-10-05 00:00:00UTC,1002851,56.62,67.02
291,0.93,2021-10-05 00:00:00UTC,1002852,14.52,0.0
292,0.0,2021-10-05 00:00:00UTC,1002853,25.94,44.36
293,0.93,2021-10-05 00:00:00UTC,1002854,14.31,21.66
294,3.43,2021-10-05 00:00:00UTC,1002855,32.78,56.89
295,3.43,2021-10-05 00:00:00UTC,1002856,45.81,60.71
296,0.0,2021-10-05 00:00:00UTC,1002857,91.22,130.08
297,7.35,2021-10-05 00:00:00UTC,1002858,47.86,80.69
298,0.0,2021-10-05 00:00:00UTC,1002859,71.02,83.8
299,0.0,2021-10-05 00:00:00UTC,1002860,59.11,97.42
300,0.93,2021-10-05 00:00:00UTC,1002861,75.7,116.78
301,0.93,2021-10-06 00:00:00UTC,1002862,51.6,97.18
302,3.43,2021-10-06 00:00:00UTC,1002863,46.98,65.52
303,7.35,2021-10-06 00:00:00UTC,1002864,90.61,113.34
304,0.93,2021-10-06 00:00:00UTC,1002865,41.3,53.8
305,7.35,2021-10-06 00:00:00UTC,1002866,35.68,60.95
306,7.35,2021-10-06 00:00:00UTC,1002867,95.56,118.46
307,0.0,2021-10-06 00:00:00UTC,1002868,82.83,136.26
308,3.43,2021-10-06 00:00:00UTC,1002869,39.91,51.16
309,7.35,2021-10-06 00:00:00UTC,1002870,103.58,121.41
310,0.93,2021-10-06 00:00:00UTC,1002871,83.14,139.89
311,7.35,2021-10-06 00:00:00UTC,1002872,89.37,134.66
312,7.35,2021-10-06 00:00:00UTC,1002873,84.74,104.42
313,0.0,2021-10-06 00:00:00UTC,1002874,48.34,67.51
314,0.0,2021-10-06 00:00:00UTC,1002875,34.28,60.27
315,3.43,2021-10-06 00:00:00UTC,1002876,74.27,92.38
316,0.0,2021-10-06 00:00:00UTC,1002877,8.52,11.87
317,7.35,2021-10-06 00:00:00UTC,1002878,64.22,123.36
318,3.43,2021-10-06 00:00:00UTC,1002879,37.28,47.38
319,0.93,2021-10-06 00:00:00UTC,1002880,57.48,88.23
320,0.0,2021-10-06 00:00:00UTC,1002881,34.58,58.08
321,0.0,2021-10-06 00:00:00UTC,1002882,11.73,15.97
322,3.43,2021-10-06 00:00:00UTC,1002883,105.95,125.65
323,7.35,2021-10-06 00:00:00UTC,1002884,9.31,11.23
324,3.43,2021-10-06 00:00:00UTC,1002885,104.14,143.48
325,3.43,2021-10-06 00:00:00UTC,1002886,70.01,134.55
326,7.35,2021-10-06 00:00:00UTC,1002887,46.61,52.94
327,0.93,2021-10-06 00:00:00UTC,1002888,10.4,14.72
328,0.93,2021-10-06 00:00:00UTC,1002889,33.48,61.84
329,0.0,2021-10-06 00:00:00UTC,1002890,3.07,5.84
330,0.0,2021-10-06 00:00:00UTC,1002891,11.08,15.47
331,7.35,2021-10-06 00:00:00UTC,1002892,12.23,20.89
332,0.0,2021-10-06 00:00:00UTC,1002893,21.26,36.35
333,7.35,2021-10-06 00:00:00UTC,1002894,83.02,146.18
334,7.35,2021-10-06 00:00:00UTC,1002895,40.57,61.15
335,0.93,2021-10-06 00:00:00UTC,1002896,40.87,77.16
336,3.43,2021-10-06 00:00:00UTC,1002897,32.48,46.04
337,0.0,2021-10-06 00:00:00UTC,1002898,25.58,43.34
338,3.43,2021-10-06 00:00:00UTC,1002899,120.13,135.99
339,0.93,2021-10-06 00:00:00UTC,1002900,54.4,60.46
340,7.35,2021-10-06 00:00:00UTC,1002901,41.01,63.15
341,7.35,2021-10-06 00:00:00UTC,1002902,117.45,147.8
342,0.93,2021-10-06 00:00:00UTC,1002903,111.92,145.27
343,7.35,2021-10-06 00:00:00UTC,1002904,13.12,18.76
344,3.43,2021-10-06 00:00:00UTC,1002905,85.77,127.46
345,7.35,2021-10-06 00:00:00UTC,1002906,34.13,51.45
346,0.0,2021-10-06 00:00:00UTC,1002907,72.15,81.04
347,0.93,2021-10-06 00:00:00UTC,1002908,21.66,29.35
348,0.93,2021-10-06 00:00:00UTC,1002909,68.3,86.26
349,0.0,2021-10-06 00:00:00UTC,1002910,37.05,45.27
350,7.35,2021-10-06 00:00:00UTC,1002911,99.15,139.66
351,0.0,2021-10-06 00:00:00UTC,1002912,36.35,54.06
352,0.0,2021-10-06 00:00:00UTC,1002913,76.03,104.92
353,0.93,2021-10-06 00:00:00UTC,1002914,35.02,48.93
354,3.43,2021-10-06 00:00:00UTC,1002915,30.35,45.0
355,7.35,2021-10-06 00:00:00UTC,1002916,132.52,148.41
356,7.35,2021-10-06 00:00:00UTC,1002917,29.16,35.1
357,0.0,2021-10-06 00:00:00UTC,1002918,52.96,101.38
358,7.35,2021-10-06 00:00:00UTC,1002919,47.41,57.32
359,3.43,2021-10-06 00:00:00UTC,1002920,11.19,21.32
360,3.43,2021-10-06 00:00:00UTC,1002921,52.27,72.43
361,7.35,2021-10-07 00:00:00UTC,1002922,26.09,44.82
362,0.0,2021-10-07 00:00:00UTC,1002923,75.65,143.54
363,0.93,2021-10-07 00:00:00UTC,1002924,64.9,128.42
364,0.93,2021-10-07 00:00:00UTC,1002925,90.46,102.74
365,3.43,2021-10-07 00:00:00UTC,1002926,14.29,22.86
366,0.0,2021-10-07 00:00:00UTC,1002927,38.22,64.42
367,0.93,2021-10-07 00:00:00UTC,1002928,36.18,72.02
368,0.0,2021-10-07 00:00:00UTC,1002929,79.86,101.11
369,3.43,2021-10-07 00:00:00UTC,1002930,6.42,11.89
370,3.43,2021-10-07 00:00:00UTC,1002931,87.94,130.9
371,3.43,2021-10-07 00:00:00UTC,1002932,45.39,63.13
372,3.43,2021-10-07 00:00:00UTC,1002933,27.68,45.82
373,7.35,2021-10-07 00:00:00UTC,1002934,7.23,13.9
374,3.43,2021-10-07 00:00:00UTC,1002935,34.85,52.8
375,7.35,2021-10-07 00:00:00UTC,1002936,43.71,83.55
376,7.35,2021-10-07 00:00:00UTC,1002937,67.46,95.17
377,7.35,2021-10-07 00:00:00UTC,1002938,38.83,51.62
378,0.0,2021-10-07 00:00:00UTC,1002939,13.92,16.83
379,0.0,2021-10-07 00:00:00UTC,1002940,120.31,134.45
380,3.43,2021-10-07 00:00:00UTC,1002941,64.19,103.35
381,0.93,2021-10-07 00:00:00UTC,1002942,41.28,69.47
382,3.43,2021-10-07 00:00:00UTC,1002943,11.73,22.0
383,0.93,2021-10-07 00:00:00UTC,1002944,5.76,7.64
384,0.0,2021-10-07 00:00:00UTC,1002945,32.85,58.5
385,0.0,2021-10-07 00:00:00UTC,1002946,95.06,115.5
386,7.35,2021-10-07 00:00:00UTC,1002947,64.15,101.37
387,7.35,2021-10-07 00:00:00UTC,1002948,92.54,136.36
388,3.43,2021-10-07 00:00:00UTC,1002949,14.46,0.0
389,0.0,2021-10-07 00:00:00UTC,1002950,65.53,85.14
390,3.43,2021-10-07 00:00:00UTC,1002951,86.34,148.62
391,0.93,2021-10-07 00:00:00UTC,1002952,59.86,94.94
392,3.43,2021-10-07 00:00:00UTC,1002953,8.58,11.64
393,0.93,2021-10-07 00:00:00UTC,1002954,27.88,48.67
394,0.0,2021-10-07 00:00:00UTC,1002955,57.64,76.24
395,3.43,2021-10-07 00:00:00UTC,1002956,42.92,70.11
396,0.0,2021-10-07 00:00:00UTC,1002957,46.46,92.0
397,3.43,2021-10-07 00:00:00UTC,1002958,76.96,106.15
398,7.35,2021-10-07 00:00:00UTC,1002959,26.38,40.76
399,0.0,2021-10-07 00:00:00UTC,1002960,50.49,66.5
400,0.93,2021-10-07 00:00:00UTC,1002961,93.8,132.77
401,3.43,2021-10-07 00:00:00UTC,1002962,47.68,71.36
402,7.35,2021-10-07 00:00:00UTC,1002963,42.54,58.69
403,7.35,2021-10-07 00:00:00UTC,1002964,22.28,26.57
404,0.0,2021-10-07 00:00:00UTC,1002965,85.24,112.09
405,3.43,2021-10-07 00:00:00UTC,1002966,28.66,32.41
406,0.0,2021-10-07 00:00:00UTC,1002967,75.64,116.98
407,3.43,2021-10-07 00:00:00UTC,1002968,98.74,115.63
408,7.35,2021-10-07 00:00:00UTC,1002969,23.17,39.59
409,0.93,2021-10-07 00:00:00UTC,1002970,86.58,143.08
410,0.93,2021-10-07 00:00:00UTC,1002971,52.26,65.8
411,0.93,2021-10-07 00:00:00UTC,1002972,90.85,127.19
412,0.0,2021-10-07 00:00:00UTC,1002973,55.54,86.29
413,7.35,2021-10-07 00:00:00UTC,1002974,72.48,82.6
414,7.35,2021-10-07 00:00:00UTC,1002975,29.93,36.48
415,0.93,2021-10-07 00:00:00UTC,1002976,88.73,118.95
416,0.0,2021-10-07 00:00:00UTC,1002977,17.73,28.76
417,7.35,2021-10-07 00:00:00UTC,1002978,6.77,7.63
418,0.0,2021-10-07 00:00:00UTC,1002979,55.34,72.12
419,7.35,2021-10-07 00:00:00UTC,1002980,73.89,104.89
420,0.0,2021-10-07 00:00:00UTC,1002981,53.34,72.94
421,7.35,2021-10-08 00:00:00UTC,1002982,60.68,80.8
422,7.35,2021-10-08 00:00:00UTC,1002983,17.45,19.79
423,7.35,2021-10-08 00:00:00UTC,1002984,109.42,137.75
424,7.35,2021-10-08 00:00:00UTC,1002985,19.97,26.26
425,3.43,2021-10-08 00:00:00UTC,1002986,59.49,76.58
426,7.35,2021-10-08 00:00:00UTC,1002987,62.58,98.7
427,7.35,2021-10-08 00:00:00UTC,1002988,127.85,148.97
428,3.43,2021-10-08 00:00:00UTC,1002989,49.32,56.8
429,0.0,2021-10-08 00:00:00UTC,1002990,24.18,26.93
430,0.93,2021-10-08 00:00:00UTC,1002991,101.06,144.0
431,3.43,2021-10-08 00:00:00UTC,1002992,9.01,11.39
432,0.0,2021-10-08 00:00:00UTC,1002993,117.61,141.96
433,0.93,2021-10-08 00:00:00UTC,1002994,31.58,57.21
434,7.35,2021-10-08 00:00:00UTC,1002995,98.46,124.04
435,0.93,2021-10-08 00:00:00UTC,1002996,27.64,37.46
436,0.93,2021-10-08 00:00:00UTC,1002997,42.3,47.6
437,0.0,2021-10-08 00:00:00UTC,1002998,65.96,131.6
438,0.0,2021-10-08 00:00:00UTC,1002999,17.4,19.6
439,7.35,2021-10-08 00:00:00UTC,1003000,25.32,46.07
440,7.35,2021-10-08 00:00:00UTC,1003001,64.84,115.64
441,0.93,2021-10-08 00:00:00UTC,1003002,28.29,40.4
442,3.43,2021-10-08 00:00:00UTC,1003003,72.77,130.4
443,0.0,2021-10-08 00:00:00UTC,1003004,108.47,135.68
444,0.93,2021-10-08 00:00:00UTC,1003005,79.17,125.1
445,7.35,2021-10-08 00:00:00UTC,1003006,98.67,117.85
446,3.43,2021-10-08 00:00:00UTC,1003007,8.23,16.34
447,7.35,2021-10-08 00:00:00UTC,1003008,8.42,12.49
448,7.35,2021-10-08 00:00:00UTC,1003009,9.11,13.38
449,7.35,2021-10-08 00:00:00UTC,1003010,27.13,42.96
450,7.35,2021-10-08 00:00:00UTC,1003011,31.53,52.72
451,0.93,2021-10-08 00:00:00UTC,1003012,21.91,32.09
452,0.0,2021-10-08 00:00:00UTC,1003013,22.92,44.09
453,7.35,2021-10-08 00:00:00UTC,1003014,86.64,105.1
454,0.0,2021-10-08 00:00:00UTC,1003015,54.27,88.13
455,3.43,2021-10-08 00:00:00UTC,1003016,74.46,114.42
456,0.0,2021-10-08 00:00:00UTC,1003017,43.96,85.75
457,3.43,2021-10-08 00:00:00UTC,1003018,87.69,133.72
458,3.43,2021-10-08 00:00:00UTC,1003019,93.64,135.75
459,0.93,2021-10-08 00:00:00UTC,1003020,54.73,66.23
460,3.43,2021-10-08 00:00:00UTC,1003021,6.37,9.95
461,3.43,2021-10-08 00:00:00UTC,1003022,61.08,100.87
462,0.93,2021-10-08 00:00:00UTC,1003023,52.41,98.64
463,0.93,2021-10-08 00:00:00UTC,1003024,11.13,12.75
464,7.35,2021-10-08 00:00:00UTC,1003025,13.42,18.97
465,0.93,2021-10-08 00:00:00UTC,1003026,88.39,133.54
466,3.43,2021-10-08 00:00:00UTC,1003027,17.82,21.13
467,0.93,2021-10-08 00:00:00UTC,1003028,101.06,128.61
468,3.43,2021-10-08 00:00:00UTC,1003029,72.56,136.64
469,3.43,2021-10-08 00:00:00UTC,1003030,57.58,85.88
470,7.35,2021-10-08 00:00:00UTC,1003031,46.37,83.39
471,7.35,2021-10-08 00:00:00UTC,1003032,58.72,81.83
472,0.93,2021-10-08 00:00:00UTC,1003033,101.34,132.08
473,3.43,2021-10-08 00:00:00UTC,1003034,82.56,124.31
474,7.35,2021-10-08 00:00:00UTC,1003035,44.79,60.66
475,7.35,2021-10-08 00:00:00UTC,1003036,56.01,73.47
476,7.35,2021-10-08 00:00:00UTC,1003037,79.92,117.53
477,3.43,2021-10-08 00:00:00UTC,1003038,103.92,133.32
478,7.35,2021-10-08 00:00:00UTC,1003039,46.81,85.3
479,3.43,2021-10-08 00:00:00UTC,1003040,68.63,109.09
480,7.35,2021-10-08 00:00:00UTC,1003041,61.22,84.12
481,3.43,2021-10-09 00:00:00UTC,1003042,32.95,43.93
482,7.35,2021-10-09 00:00:00UTC,1003043,50.58,56.5
483,3.43,2021-10-09 00:00:00UTC,1003044,53.25,68.21
484,3.43,2021-10-09 00:00:00UTC,1003045,90.29,125.47
485,3.43,2021-10-09 00:00:00UTC,1003046,15.88,0.0
486,3.43,2021-10-09 00:00:00UTC,1003047,57.19,81.76
487,7.35,2021-10-09 00:00:00UTC,1003048,36.52,69.89
488,0.93,2021-10-09 00:00:00UTC,1003049,77.36,116.71
489,0.0,2021-10-09 00:00:00UTC,1003050,34.96,62.42
490,3.43,2021-10-09 00:00:00UTC,1003051,11.81,21.25
491,0.0,2021-10-09 00:00:00UTC,1003052,20.54,39.19
492,7.35,2021-10-09 00:00:00UTC,1003053,106.1,146.71
493,0.0,2021-10-09 00:00:00UTC,1003054,99.05,140.88
494,0.93,2021-10-09 00:00:00UTC,1003055,40.54,68.32
495,0.0,2021-10-09 00:00:00UTC,1003056,13.85,24.78
496,0.93,2021-10-09 00:00:00UTC,1003057,38.8,53.81
497,7.35,2021-10-09 00:00:00UTC,1003058,20.15,22.7
498,0.0,2021-10-09 00:00:00UTC,1003059,85.89,106.59
499,0.0,2021-10-09 00:00:00UTC,1003060,91.52,134.1
500,0.0,2021-10-09 00:00:00UTC,1003061,121.93,136.48
501,0.0,2021-10-09 00:00:00UTC,1003062,110.23,139.7
502,0.0,2021-10-09 00:00:00UTC,1003063,95.23,116.43
503,7.35,2021-10-09 00:00:00UTC,1003064,95.67,146.13
504,0.0,2021-10-09 00:00:00UTC,1003065,52.77,65.29
505,3.43,2021-10-09 00:00:00UTC,1003066,31.84,56.1
506,7.35,2021-10-09 00:00:00UTC,1003067,43.32,77.1
507,0.0,2021-10-09 00:00:00UTC,1003068,19.01,29.68
508,0.93,2021-10-09 00:00:00UTC,1003069,48.88,79.36
509,3.43,2021-10-09 00:00:00UTC,1003070,10.89,15.23
510,3.43,2021-10-09 00:00:00UTC,1003071,39.58,66.55
511,7.35,2021-10-09 00:00:00UTC,1003072,46.96,58.97
512,3.43,2021-10-09 00:00:00UTC,1003073,26.63,50.63
513,3.43,2021-10-09 00:00:00UTC,1003074,19.5,23.49
514,0.0,2021-10-09 00:00:00UTC,1003075,59.48,85.35
515,0.0,2021-10-09 00:00:00UTC,1003076,42.49,82.08
516,0.0,2021-10-09 00:00:00UTC,1003077,97.38,139.95
517,7.35,2021-10-09 00:00:00UTC,1003078,78.52,129.29
518,3.43,2021-10-09 00:00:00UTC,1003079,76.78,98.16
519,3.43,2021-10-09 00:00:00UTC,1003080,12.17,22.07
520,0.0,2021-10-09 00:00:00UTC,1003081,44.51,80.15
521,3.43,2021-10-09 00:00:00UTC,1003082,74.44,116.28
522,0.0,2021-10-09 00:00:00UTC,1003083,67.85,102.43
523,0.93,2021-10-09 00:00:00UTC,1003084,12.97,23.95
524,0.93,2021-10-09 00:00:00UTC,1003085,28.93,51.44
525,0.93,2021-10-09 00:00:00UTC,1003086,28.23,41.65
526,3.43,2021-10-09 00:00:00UTC,1003087,57.3,82.48
527,7.35,2021-10-09 00:00:00UTC,1003088,39.56,56.56
528,7.35,2021-10-09 00:00:00UTC,1003089,67.94,93.9
529,7.35,2021-10-09 00:00:00UTC,1003090,15.77,28.04
530,0.93,2021-10-09 00:00:00UTC,1003091,8.99,11.25
531,3.43,2021-10-09 00:00:00UTC,1003092,29.67,52.58
532,3.43,2021-10-09 00:00:00UTC,1003093,4.97,5.62
533,0.0,2021-10-09 00:00:00UTC,1003094,19.87,31.15
534,0.0,2021-10-09 00:00:00UTC,1003095,65.62,108.64
535,0.0,2021-10-09 00:00:00UTC,1003096,68.4,114.97
536,0.93,2021-10-09 00:00:00UTC,1003097,94.69,141.33
537,0.93,2021-10-09 00:00:00UTC,1003098,89.45,126.92
538,0.93,2021-10-09 00:00:00UTC,1003099,28.48,46.6
539,3.43,2021-10-09 00:00:00UTC,1003100,45.28,61.78
540,0.93,2021-10-09 00:00:00UTC,1003101,20.44,25.43
541,0.0,2021-10-10 00:00:00UTC,1003102,46.16,82.62
542,0.93,2021-10-10 00:00:00UTC,1003103,43.35,73.56
543,0.0,2021-10-10 00:00:00UTC,1003104,32.2,55.06
544,0.93,2021-10-10 00:00:00UTC,1003105,50.87,77.21
545,0.0,2021-10-10 00:00:00UTC,1003106,91.15,124.39
546,7.35,2021-10-10 00:00:00UTC,1003107,107.26,134.05
547,0.93,2021-10-10 00:00:00UTC,1003108,36.26,41.49
548,7.35,2021-10-10 00:00:00UTC,1003109,96.27,141.16
549,3.43,2021-10-10 00:00:00UTC,1003110,65.92,95.31
550,0.93,2021-10-10 00:00:00UTC,1003111,129.51,144.88
551,0.93,2021-10-10 00:00:00UTC,1003112,125.15,147.66
552,0.0,2021-10-10 00:00:00UTC,1003113,25.86,45.2
553,0.0,2021-10-10 00:00:00UTC,1003114,48.23,67.17
554,0.0,2021-10-10 00:00:00UTC,1003115,69.85,124.38
555,3.43,2021-10-10 00:00:00UTC,1003116,47.34,56.43
556,0.0,2021-10-10 00:00:00UTC,1003117,35.64,66.79
557,7.35,2021-10-10 00:00:00UTC,1003118,64.47,119.56
558,0.0,2021-10-10 00:00:00UTC,1003119,29.42,37.54
559,7.35,2021-10-10 00:00:00UTC,1003120,103.5,129.5
560,0.0,2021-10-10 00:00:00UTC,1003121,35.84,39.93
561,0.93,2021-10-10 00:00:00UTC,1003122,20.56,39.4
562,0.0,2021-10-10 00:00:00UTC,1003123,71.39,118.53
563,0.93,2021-10-10 00:00:00UTC,1003124,112.64,126.99
564,3.43,2021-10-10 00:00:00UTC,1003125,22.0,38.48
565,3.43,2021-10-10 00:00:00UTC,1003126,25.34,44.25
566,3.43,2021-10-10 00:00:00UTC,1003127,40.82,78.21
567,3.43,2021-10-10 00:00:00UTC,1003128,14.42,22.53
568,3.43,2021-10-10 00:00:00UTC,1003129,25.68,36.21
569,3.43,2021-10-10 00:00:00UTC,1003130,107.28,126.1
570,3.43,2021-10-10 00:00:00UTC,1003131,24.76,40.09
571,0.93,2021-10-10 00:00:00UTC,1003132,17.3,22.39
572,7.35,2021-10-10 00:00:00UTC,1003133,24.85,39.53
573,0.0,2021-10-10 00:00:00UTC,1003134,39.6,68.58
574,7.35,2021-10-10 00:00:00UTC,1003135,37.31,64.8
575,0.93,2021-10-10 00:00:00UTC,1003136,36.98,42.61
576,7.35,2021-10-10 00:00:00UTC,1003137,11.86,19.89
577,7.35,2021-10-10 00:00:00UTC,1003138,116.53,134.86
578,0.93,2021-10-10 00:00:00UTC,1003139,24.8,38.64
579,0.93,2021-10-10 00:00:00UTC,1003140,36.39,50.47
580,7.35,2021-10-10 00:00:00UTC,1003141,33.53,39.67
581,0.93,2021-10-10 00:00:00UTC,1003142,17.67,20.06
582,0.93,2021-10-10 00:00:00UTC,1003143,21.49,0.0
583,0.0,2021-10-10 00:00:00UTC,1003144,16.28,21.39
584,0.93,2021-10-10 00:00:00UTC,1003145,95.59,112.03
585,7.35,2021-10-10 00:00:00UTC,1003146,32.33,54.8
586,0.93,2021-10-10 00:00:00UTC,1003147,86.3,119.23
587,3.43,2021-10-10 00:00:00UTC,1003148,17.12,30.26
588,3.43,2021-10-10 00:00:00UTC,1003149,63.21,122.93
589,0.93,2021-10-10 00:00:00UTC,1003150,35.66,64.28
590,0.0,2021-10-10 00:00:00UTC,1003151,69.4,121.7
591,7.35,2021-10-10 00:00:00UTC,1003152,79.24,145.28
592,7.35,2021-10-10 00:00:00UTC,1003153,37.81,74.51
593,0.0,2021-10-10 00:00:00UTC,1003154,20.01,39.33
594,7.35,2021-10-10 00:00:00UTC,1003155,24.61,35.07
595,0.93,2021-10-10 00:00:00UTC,1003156,6.47,9.81
596,3.43,2021-10-10 00:00:00UTC,1003157,6.06,10.92
597,3.43,2021-10-10 00:00:00UTC,1003158,98.17,148.08
598,0.93,2021-10-10 00:00:00UTC,1003159,24.22,34.88
599,3.43,2021-10-10 00:00:00UTC,1003160,98.85,144.61
600,0.0,2021-10-10 00:00:00UTC,1003161,17.74,31.64
601,7.35,2021-10-11 00:00:00UTC,1003162,17.16,28.76
602,7.35,2021-10-11 00:00:00UTC,1003163,90.19,102.95
603,0.0,2021-10-11 00:00:00UTC,1003164,3.75,6.66
604,0.0,2021-10-11 00:00:00UTC,1003165,54.01,76.37
605,3.43,2021-10-11 00:00:00UTC,1003166,28.38,33.18
606,0.0,2021-10-11 00:00:00UTC,1003167,86.18,141.9
607,3.43,2021-10-11 00:00:00UTC,1003168,21.98,25.34
608,0.0,2021-10-11 00:00:00UTC,1003169,18.32,36.45
609,3.43,2021-10-11 00:00:00UTC,1003170,16.44,29.95
610,3.43,2021-10-11 00:00:00UTC,1003171,29.89,50.16
611,7.35,2021-10-11 00:00:00UTC,1003172,72.82,121.05
612,0.0,2021-10-11 00:00:00UTC,1003173,70.83,107.11
613,3.43,2021-10-11 00:00:00UTC,1003174,16.16,20.32
614,0.0,2021-10-11 00:00:00UTC,1003175,8.27,13.84
615,0.93,2021-10-11 00:00:00UTC,1003176,18.52,28.64
616,0.93,2021-10-11 00:00:00UTC,1003177,72.59,142.01
617,7.35,2021-10-11 00:00:00UTC,1003178,12.35,21.06
618,0.93,2021-10-11 00:00:00UTC,1003179,47.36,72.84
619,7.35,2021-10-11 00:00:00UTC,1003180,51.18,60.79
620,7.35,2021-10-11 00:00:00UTC,1003181,95.36,115.22
621,3.43,2021-10-11 00:00:00UTC,1003182,23.3,26.22
622,0.93,2021-10-11 00:00:00UTC,1003183,39.72,52.96
623,0.93,2021-10-11 00:00:00UTC,1003184,63.91,125.34
624,7.35,2021-10-11 00:00:00UTC,1003185,114.47,139.46
625,0.93,2021-10-11 00:00:00UTC,1003186,35.09,69.55
626,7.35,2021-10-11 00:00:00UTC,1003187,34.54,59.17
627,0.0,2021-10-11 00:00:00UTC,1003188,8.66,14.66
628,0.93,2021-10-11 00:00:00UTC,1003189,63.19,85.45
629,3.43,2021-10-11 00:00:00UTC,1003190,18.31,26.26
630,0.93,2021-10-11 00:00:00UTC,1003191,31.98,40.11
631,3.43,2021-10-11 00:00:00UTC,1003192,71.08,125.37
632,3.43,2021-10-11 00:00:00UTC,1003193,22.6,38.4
633,3.43,2021-10-11 00:00:00UTC,1003194,35.14,69.43
634,0.0,2021-10-11 00:00:00UTC,1003195,32.58,54.02
635,3.43,2021-10-11 00:00:00UTC,1003196,76.95,94.39
636,0.93,2021-10-11 00:00:00UTC,1003197,112.27,128.26
637,7.35,2021-10-11 00:00:00UTC,1003198,20.87,28.31
638,7.35,2021-10-11 00:00:00UTC,1003199,69.7,112.38
639,7.35,2021-10-11 00:00:00UTC,1003200,7.1,8.4
640,0.93,2021-10-11 00:00:00UTC,1003201,41.99,79.29
641,3.43,2021-10-11 00:00:00UTC,1003202,3.98,5.2
642,0.0,2021-10-11 00:00:00UTC,1003203,99.49,130.5
643,3.43,2021-10-11 00:00:00UTC,1003204,72.0,93.47
644,7.35,2021-10-11 00:00:00UTC,1003205,72.46,111.98
645,0.0,2021-10-11 00:00:00UTC,1003206,60.46,72.37
646,3.43,2021-10-11 00:00:00UTC,1003207,30.78,42.91
647,0.0,2021-10-11 00:00:00UTC,1003208,58.73,66.05
648,3.43,2021-10-11 00:00:00UTC,1003209,45.66,66.2
649,7.35,2021-10-11 00:00:00UTC,1003210,117.4,140.11
650,3.43,2021-10-11 00:00:00UTC,1003211,59.05,78.48
651,7.35,2021-10-11 00:00:00UTC,1003212,19.09,30.84
652,7.35,2021-10-11 00:00:00UTC,1003213,31.1,49.64
653,0.0,2021-10-11 00:00:00UTC,1003214,38.18,73.42
654,0.93,2021-10-11 00:00:00UTC,1003215,37.84,49.18
655,0.0,2021-10-11 00:00:00UTC,1003216,14.13,20.97
656,0.93,2021-10-11 00:00:00UTC,1003217,48.57,54.17
657,7.35,2021-10-11 00:00:00UTC,1003218,70.29,113.36
658,0.0,2021-10-11 00:00:00UTC,1003219,9.43,14.43
659,0.93,2021-10-11 00:00:00UTC,1003220,23.31,43.06
660,0.0,2021-10-11 00:00:00UTC,1003221,15.03,30.06
661,7.35,2021-10-12 00:00:00UTC,1003222,69.21,91.52
662,0.0,2021-10-12 00:00:00UTC,1003223,13.54,21.6
663,0.0,2021-10-12 00:00:00UTC,1003224,32.22,44.4
664,3.43,2021-10-12 00:00:00UTC,1003225,57.46,96.85
665,0.93,2021-10-12 00:00:00UTC,1003226,100.42,137.42
666,0.93,2021-10-12 00:00:00UTC,1003227,104.45,124.5
667,0.93,2021-10-12 00:00:00UTC,1003228,17.07,25.06
668,0.0,2021-10-12 00:00:00UTC,1003229,47.81,79.4
669,3.43,2021-10-12 00:00:00UTC,1003230,8.45,16.11
670,7.35,2021-10-12 00:00:00UTC,1003231,51.9,102.79
671,3.43,2021-10-12 00:00:00UTC,1003232,56.81,107.75
672,7.35,2021-10-12 00:00:00UTC,1003233,95.08,109.56
673,0.0,2021-10-12 00:00:00UTC,1003234,6.58,9.85
674,3.43,2021-10-12 00:00:00UTC,1003235,51.21,95.28
675,7.35,2021-10-12 00:00:00UTC,1003236,30.31,37.39
676,3.43,2021-10-12 00:00:00UTC,1003237,23.14,32.3
677,0.93,2021-10-12 00:00:00UTC,1003238,5.71,6.98
678,0.93,2021-10-12 00:00:00UTC,1003239,17.8,33.78
679,3.43,2021-10-12 00:00:00UTC,1003240,29.82,0.0
680,7.35,2021-10-12 00:00:00UTC,1003241,50.16,85.24
681,7.35,2021-10-12 00:00:00UTC,1003242,35.02,41.29
682,7.35,2021-10-12 00:00:00UTC,1003243,73.52,136.93
683,0.93,2021-10-12 00:00:00UTC,1003244,36.07,41.34
684,7.35,2021-10-12 00:00:00UTC,1003245,74.44,94.51
685,3.43,2021-10-12 00:00:00UTC,1003246,116.26,130.29
686,0.93,2021-10-12 00:00:00UTC,1003247,29.9,34.45
687,3.43,2021-10-12 00:00:00UTC,1003248,13.7,19.5
688,0.0,2021-10-12 00:00:00UTC,1003249,31.59,60.89
689,0.93,2021-10-12 00:00:00UTC,1003250,86.44,131.83
690,3.43,2021-10-12 00:00:00UTC,1003251,100.11,111.6
691,7.35,2021-10-12 00:00:00UTC,1003252,87.03,134.18
692,0.0,2021-10-12 00:00:00UTC,1003253,81.97,115.79
693,3.43,2021-10-12 00:00:00UTC,1003254,23.6,29.85
694,0.0,2021-10-12 00:00:00UTC,1003255,85.1,139.02
695,0.93,2021-10-12 00:00:00UTC,1003256,17.97,23.25
696,0.93,2021-10-12 00:00:00UTC,1003257,23.44,39.55
697,0.0,2021-10-12 00:00:00UTC,1003258,9.75,16.44
698,7.35,2021-10-12 00:00:00UTC,1003259,83.17,122.76
699,3.43,2021-10-12 00:00:00UTC,1003260,123.1,143.84
700,0.93,2021-10-12 00:00:00UTC,1003261,78.9,124.37
701,7.35,2021-10-12 00:00:00UTC,1003262,44.35,56.01
702,7.35,2021-10-12 00:00:00UTC,1003263,69.72,103.1
703,0.93,2021-10-12 00:00:00UTC,1003264,60.45,69.41
704,7.35,2021-10-12 00:00:00UTC,1003265,39.27,48.3
705,0.0,2021-10-12 00:00:00UTC,1003266,41.98,75.61
706,3.43,2021-10-12 00:00:00UTC,1003267,27.51,48.66
707,7.35,2021-10-12 00:00:00UTC,1003268,40.72,50.58
708,0.0,2021-10-12 00:00:00UTC,1003269,13.48,25.95
709,7.35,2021-10-12 00:00:00UTC,1003270,4.6,7.84
710,3.43,2021-10-12 00:00:00UTC,1003271,115.23,128.43
711,0.93,2021-10-12 00:00:00UTC,1003272,15.11,25.93
712,0.0,2021-10-12 00:00:00UTC,1003273,62.43,73.85
713,0.0,2021-10-12 00:00:00UTC,1003274,72.47,144.43
714,0.0,2021-10-12 00:00:00UTC,1003275,14.85,21.0
715,7.35,2021-10-12 00:00:00UTC,1003276,94.1,125.56
716,0.93,2021-10-12 00:00:00UTC,1003277,7.62,11.82
717,0.93,2021-10-12 00:00:00UTC,1003278,53.18,74.24
718,0.93,2021-10-12 00:00:00UTC,1003279,114.07,128.43
719,0.0,2021-10-12 00:00:00UTC,1003280,26.98,30.9
720,7.35,2021-10-12 00:00:00UTC,1003281,81.27,124.69
721,0.93,2021-10-13 00:00:00UTC,1003282,85.42,145.04
722,3.43,2021-10-13 00:00:00UTC,1003283,17.51,22.6
723,0.93,2021-10-13 00:00:00UTC,1003284,29.5,54.95
724,7.35,2021-10-13 00:00:00UTC,1003285,25.58,43.69
725,0.0,2021-10-13 00:00:00UTC,1003286,16.14,26.67
726,0.0,2021-10-13 00:00:00UTC,1003287,108.8,121.99
727,3.43,2021-10-13 00:00:00UTC,1003288,89.01,126.19
728,0.0,2021-10-13 00:00:00UTC,1003289,17.54,30.04
729,3.43,2021-10-13 00:00:00UTC,1003290,85.78,135.23
730,3.43,2021-10-13 00:00:00UTC,1003291,63.04,124.67
731,3.43,2021-10-13 00:00:00UTC,1003292,54.87,75.32
732,3.43,2021-10-13 00:00:00UTC,1003293,117.19,147.95
733,7.35,2021-10-13 00:00:00UTC,1003294,54.16,106.81
734,0.0,2021-10-13 00:00:00UTC,1003295,15.73,25.66
735,3.43,2021-10-13 00:00:00UTC,1003296,69.73,91.38
736,0.93,2021-10-13 00:00:00UTC,1003297,56.35,101.48
737,0.93,2021-10-13 00:00:00UTC,1003298,69.6,100.33
738,3.43,2021-10-13 00:00:00UTC,1003299,23.02,43.43
739,7.35,2021-10-13 00:00:00UTC,1003300,21.28,32.79
740,0.0,2021-10-13 00:00:00UTC,1003301,23.49,28.32
741,3.43,2021-10-13 00:00:00UTC,1003302,39.36,54.55
742,3.43,2021-10-13 00:00:00UTC,1003303,65.58,93.34
743,0.93,2021-10-13 00:00:00UTC,1003304,51.74,64.19
744,3.43,2021-10-13 00:00:00UTC,1003305,110.66,127.15
745,0.93,2021-10-13 00:00:00UTC,1003306,60.54,110.78
746,0.93,2021-10-13 00:00:00UTC,1003307,30.78,36.38
747,0.93,2021-10-13 00:00:00UTC,1003308,117.99,138.51
748,0.93,2021-10-13 00:00:00UTC,1003309,17.5,34.75
749,7.35,2021-10-13 00:00:00UTC,1003310,108.43,126.45
750,0.0,2021-10-13 00:00:00UTC,1003311,31.23,43.76
751,3.43,2021-10-13 00:00:00UTC,1003312,22.46,42.32
752,0.93,2021-10-13 00:00:00UTC,1003313,77.34,98.75
753,3.43,2021-10-13 00:00:00UTC,1003314,98.49,113.41
754,0.93,2021-10-13 00:00:00UTC,1003315,8.27,10.31
755,0.0,2021-10-13 00:00:00UTC,1003316,5.41,7.77
756,0.93,2021-10-13 00:00:00UTC,1003317,50.02,58.14
757,3.43,2021-10-13 00:00:00UTC,1003318,86.61,141.34
758,3.43,2021-10-13 00:00:00UTC,1003319,106.73,119.66
759,0.93,2021-10-13 00:00:00UTC,1003320,97.17,133.19
760,0.93,2021-10-13 00:00:00UTC,1003321,28.8,56.03
761,7.35,2021-10-13 00:00:00UTC,1003322,40.64,78.97
762,0.93,2021-10-13 00:00:00UTC,1003323,33.04,58.62
763,0.0,2021-10-13 00:00:00UTC,1003324,6.48,8.53
764,0.93,2021-10-13 00:00:00UTC,1003325,68.55,90.87
765,7.35,2021-10-13 00:00:00UTC,1003326,58.69,65.67
766,0.93,2021-10-13 00:00:00UTC,1003327,10.8,14.48
767,0.93,2021-10-13 00:00:00UTC,1003328,117.34,144.66
768,3.43,2021-10-13 00:00:00UTC,1003329,100.44,114.02
769,0.93,2021-10-13 00:00:00UTC,1003330,79.46,127.32
770,3.43,2021-10-13 00:00:00UTC,1003331,38.35,61.65
771,3.43,2021-10-13 00:00:00UTC,1003332,69.33,109.65
772,0.93,2021-10-13 00:00:00UTC,1003333,83.98,107.16
773,0.0,2021-10-13 00:00:00UTC,1003334,28.63,40.58
774,3.43,2021-10-13 00:00:00UTC,1003335,68.74,123.63
775,7.35,2021-10-13 00:00:00UTC,1003336,15.39,30.19
776,3.43,2021-10-13 00:00:00UTC,1003337,10.41,0.0
777,3.43,2021-10-13 00:00:00UTC,1003338,14.48,21.82
778,3.43,2021-10-13 00:00:00UTC,1003339,35.12,53.54
779,3.43,2021-10-13 00:00:00UTC,1003340,96.84,133.14
780,0.0,2021-10-13 00:00:00UTC,1003341,15.32,27.8
781,0.93,2021-10-14 00:00:00UTC,1003342,69.71,107.75
782,3.43,2021-10-14 00:00:00UTC,1003343,109.52,142.65
783,7.35,2021-10-14 00:00:00UTC,1003344,63.17,82.28
784,0.93,2021-10-14 00:00:00UTC,1003345,14.78,16.8
785,7.35,2021-10-14 00:00:00UTC,1003346,22.68,41.24
786,3.43,2021-10-14 00:00:00UTC,1003347,6.44,8.15
787,0.93,2021-10-14 00:00:00UTC,1003348,28.04,49.33
788,7.35,2021-10-14 00:00:00UTC,1003349,10.7,17.87
789,3.43,2021-10-14 00:00:00UTC,1003350,16.04,18.78
790,7.35,2021-10-14 00:00:00UTC,1003351,84.96,135.08
791,0.93,2021-10-14 00:00:00UTC,1003352,102.88,144.57
792,3.43,2021-10-14 00:00:00UTC,1003353,33.48,41.12
793,0.0,2021-10-14 00:00:00UTC,1003354,62.75,101.52
794,3.43,2021-10-14 00:00:00UTC,1003355,57.88,97.93
795,7.35,2021-10-14 00:00:00UTC,1003356,20.93,39.36
796,7.35,2021-10-14 00:00:00UTC,1003357,51.83,76.44
797,0.93,2021-10-14 00:00:00UTC,1003358,102.83,129.22
798,3.43,2021-10-14 00:00:00UTC,1003359,3.57,5.27
799,0.93,2021-10-14 00:00:00UTC,1003360,32.45,58.88
800,7.35,2021-10-14 00:00:00UTC,1003361,92.15,135.38
801,7.35,2021-10-14 00:00:00UTC,1003362,52.03,71.65
802,7.35,2021-10-14 00:00:00UTC,1003363,29.42,32.74
803,0.93,2021-10-14 00:00:00UTC,1003364,49.99,87.99
804,0.93,2021-10-14 00:00:00UTC,1003365,9.72,19.34
805,0.93,2021-10-14 00:00:00UTC,1003366,39.94,52.08
806,3.43,2021-10-14 00:00:00UTC,1003367,72.58,110.09
807,3.43,2021-10-14 00:00:00UTC,1003368,62.0,74.03
808,0.93,2021-10-14 00:00:00UTC,1003369,14.63,17.19
809,7.35,2021-10-14 00:00:00UTC,1003370,103.46,132.87
810,0.0,2021-10-14 00:00:00UTC,1003371,64.0,74.32
811,0.0,2021-10-14 00:00:00UTC,1003372,75.19,127.59
812,0.0,2021-10-14 00:00:00UTC,1003373,44.49,76.96
813,3.43,2021-10-14 00:00:00UTC,1003374,76.52,107.76
814,0.93,2021-10-14 00:00:00UTC,1003375,46.54,58.58
815,7.35,2021-10-14 00:00:00UTC,1003376,54.6,63.0
816,0.0,2021-10-14 00:00:00UTC,1003377,65.93,74.82
817,3.43,2021-10-14 00:00:00UTC,1003378,59.38,79.92
818,7.35,2021-10-14 00:00:00UTC,1003379,60.01,105.68
819,0.0,2021-10-14 00:00:00UTC,1003380,5.34,8.78
820,3.43,2021-10-14 00:00:00UTC,1003381,38.67,64.97
821,3.43,2021-10-14 00:00:00UTC,1003382,6.4,9.45
822,3.43,2021-10-14 00:00:00UTC,1003383,97.99,137.0
823,0.93,2021-10-14 00:00:00UTC,1003384,70.13,95.67
824,7.35,2021-10-14 00:00:00UTC,1003385,98.97,125.93
825,0.93,2021-10-14 00:00:00UTC,1003386,62.84,106.43
826,7.35,2021-10-14 00:00:00UTC,1003387,59.69,82.26
827,7.35,2021-10-14 00:00:00UTC,1003388,6.24,8.04
828,3.43,2021-10-14 00:00:00UTC,1003389,18.88,27.23
829,7.35,2021-10-14 00:00:00UTC,1003390,13.26,15.01
830,7.35,2021-10-14 00:00:00UTC,1003391,72.83,116.78
831,0.0,2021-10-14 00:00:00UTC,1003392,79.09,114.45
832,3.43,2021-10-14 00:00:00UTC,1003393,45.18,81.62
833,3.43,2021-10-14 00:00:00UTC,1003394,71.33,90.89
834,0.0,2021-10-14 00:00:00UTC,1003395,97.69,130.29
835,0.93,2021-10-14 00:00:00UTC,1003396,65.21,84.19
836,3.43,2021-10-14 00:00:00UTC,1003397,99.74,119.46
837,7.35,2021-10-14 00:00:00UTC,1003398,22.63,35.87
838,7.35,2021-10-14 00:00:00UTC,1003399,3.83,7.6
839,0.93,2021-10-14 00:00:00UTC,1003400,87.61,129.8
840,7.35,2021-10-14 00:00:00UTC,1003401,36.51,45.77
841,0.93,2021-10-15 00:00:00UTC,1003402,92.74,144.47
842,0.93,2021-10-15 00:00:00UTC,1003403,41.08,47.21
843,3.43,2021-10-15 00:00:00UTC,1003404,41.16,67.55
844,0.0,2021-10-15 00:00:00UTC,1003405,49.23,97.6
845,0.0,2021-10-15 00:00:00UTC,1003406,32.04,51.28
846,3.43,2021-10-15 00:00:00UTC,1003407,57.48,112.53
847,0.93,2021-10-15 00:00:00UTC,1003408,29.04,34.13
848,0.0,2021-10-15 00:00:00UTC,1003409,89.47,117.58
849,0.93,2021-10-15 00:00:00UTC,1003410,70.03,121.01
850,7.35,2021-10-15 00:00:00UTC,1003411,10.26,17.74
851,0.93,2021-10-15 00:00:00UTC,1003412,3.98,7.11
852,3.43,2021-10-15 00:00:00UTC,1003413,8.1,10.21
853,3.43,2021-10-15 00:00:00UTC,1003414,11.31,17.24
854,7.35,2021-10-15 00:00:00UTC,1003415,37.83,52.28
855,0.0,2021-10-15 00:00:00UTC,1003416,110.14,122.49
856,0.93,2021-10-15 00:00:00UTC,1003417,68.09,89.67
857,3.43,2021-10-15 00:00:00UTC,1003418,24.67,37.27
858,0.93,2021-10-15 00:00:00UTC,1003419,59.03,109.86
859,0.93,2021-10-15 00:00:00UTC,1003420,33.1,53.43
860,0.93,2021-10-15 00:00:00UTC,1003421,72.64,81.49
861,0.93,2021-10-15 00:00:00UTC,1003422,36.52,42.95
862,3.43,2021-10-15 00:00:00UTC,1003423,67.02,125.41
863,0.93,2021-10-15 00:00:00UTC,1003424,15.66,31.01
864,3.43,2021-10-15 00:00:00UTC,1003425,93.21,133.28
865,0.93,2021-10-15 00:00:00UTC,1003426,79.81,112.41
866,7.35,2021-10-15 00:00:00UTC,1003427,58.17,65.03
867,0.93,2021-10-15 00:00:00UTC,1003428,27.76,37.93
868,3.43,2021-10-15 00:00:00UTC,1003429,11.41,16.34
869,7.35,2021-10-15 00:00:00UTC,1003430,100.7,112.27
870,0.0,2021-10-15 00:00:00UTC,1003431,42.78,69.32
871,0.93,2021-10-15 00:00:00UTC,1003432,117.82,135.66
872,3.43,2021-10-15 00:00:00UTC,1003433,54.71,63.02
873,0.93,2021-10-15 00:00:00UTC,1003434,17.48,0.0
874,3.43,2021-10-15 00:00:00UTC,1003435,17.47,34.01
875,7.35,2021-10-15 00:00:00UTC,1003436,76.03,100.45
876,3.43,2021-10-15 00:00:00UTC,1003437,85.15,144.39
877,3.43,2021-10-15 00:00:00UTC,1003438,13.62,26.05
878,3.43,2021-10-15 00:00:00UTC,1003439,70.26,84.85
879,7.35,2021-10-15 00:00:00UTC,1003440,64.55,90.75
880,0.0,2021-10-15 00:00:00UTC,1003441,106.15,129.96
881,3.43,2021-10-15 00:00:00UTC,1003442,15.61,28.55
882,7.35,2021-10-15 00:00:00UTC,1003443,40.84,72.53
883,0.93,2021-10-15 00:00:00UTC,1003444,38.43,48.43
884,0.93,2021-10-15 00:00:00UTC,1003445,17.41,24.67
885,7.35,2021-10-15 00:00:00UTC,1003446,36.36,48.64
886,7.35,2021-10-15 00:00:00UTC,1003447,22.71,36.57
887,7.35,2021-10-15 00:00:00UTC,1003448,98.01,109.1
888,3.43,2021-10-15 00:00:00UTC,1003449,16.24,27.13
889,0.0,2021-10-15 00:00:00UTC,1003450,67.96,77.38
890,0.0,2021-10-15 00:00:00UTC,1003451,24.1,27.02
891,7.35,2021-10-15 00:00:00UTC,1003452,13.09,18.82
892,7.35,2021-10-15 00:00:00UTC,1003453,40.03,71.9
893,7.35,2021-10-15 00:00:00UTC,1003454,48.51,73.51
894,7.35,2021-10-15 00:00:00UTC,1003455,42.4,56.16
895,0.93,2021-10-15 00:00:00UTC,1003456,46.41,65.53
896,7.35,2021-10-15 00:00:00UTC,1003457,72.2,108.88
897,0.0,2021-10-15 00:00:00UTC,1003458,13.82,17.35
898,0.0,2021-10-15 00:00:00UTC,1003459,21.13,25.32
899,7.35,2021-10-15 00:00:00UTC,1003460,64.7,90.39
900,0.0,2021-10-15 00:00:00UTC,1003461,108.38,147.62
