_row,datetime,cost
1,2021-10-01 22:00:00UTC,4548.64
2,2021-10-02 13:00:00UTC,4535.23
3,2021-10-03 20:00:00UTC,3972.88
4,2021-10-04 12:00:00UTC,4434.76
5,2021-10-05 11:00:00UTC,4883.88
6,2021-10-06 18:00:00UTC,3920.03
7,2021-10-07 13:00:00UTC,4437.88
8,2021-10-08 07:00:00UTC,3928.78
9,2021-10-09 18:00:00UTC,4705.65
10,2021-10-10 21:00:00UTC,4460.99
11,2021-10-11 21:00:00UTC,4885.05
12,2021-10-12 21:00:00UTC,4753.48
13,2021-10-13 14:00:00UTC,3971.79
14,2021-10-14 09:00:00UTC,4480.28
15,2021-10-15 13:00:00UTC,4048.08
