_line,orders_id,log_cost,date_date,ship_cost
1,1002562,3.98,2021-10-01,7
2,1002563,4.5,2021-10-01,4
3,1002564,8.64,2021-10-01,7
4,1002565,6.28,2021-10-01,7
5,1002566,7.11,2021-10-01,8
6,1002567,7.55,2021-10-01,3
7,1002568,7.18,2021-10-01,3
8,1002569,2.04,2021-10-01,6
9,1002570,8.65,2021-10-01,3
10,1002571,2.43,2021-10-01,2
11,1002572,6.63,2021-10-01,7
12,1002573,7.05,2021-10-01,3
13,1002574,2.86,2021-10-01,2
14,1002575,2.6,2021-10-01,2
15,1002576,3.29,2021-10-01,3
16,1002577,2.25,2021-10-01,7
17,1002578,9.39,2021-10-01,2
18,1002579,7.91,2021-10-01,2
19,1002580,6.08,2021-10-01,5
20,1002581,4.66,2021-10-01,8
21,1002582,6.28,2021-10-01,2
22,1002583,6.69,2021-10-01,7
23,1002584,2.4,2021-10-01,6
24,1002585,3.66,2021-10-01,2
25,1002586,6.56,2021-10-01,4
26,1002587,8.21,2021-10-01,8
27,1002588,5.68,2021-10-01,7
28,1002589,8.96,2021-10-01,7
29,1002590,7.36,2021-10-01,5
30,1002591,5.69,2021-10-01,4
31,1002592,2.11,2021-10-01,3
32,1002593,4.94,2021-10-01,4
33,1002594,5.01,2021-10-01,8
34,1002595,5.22,2021-10-01,4
35,1002596,2.68,2021-10-01,3
36,1002597,8.18,2021-10-01,5
37,1002598,6.01,2021-10-01,8
38,1002599,3.36,2021-10-01,4
39,1002600,5.68,2021-10-01,5
40,1002601,3.62,2021-10-01,7
41,1002602,5.74,2021-10-01,8
42,1002603,5.87,2021-10-01,8
43,1002604,6.02,2021-10-01,5
44,1002605,9.72,2021-10-01,7
45,1002606,9.03,2021-10-01,8
46,1002607,3.11,2021-10-01,7
47,1002608,8.3,2021-10-01,3
48,1002609,6.02,2021-10-01,8
49,1002610,5.98,2021-10-01,6
50,1002611,8.83,2021-10-01,2
51,1002612,7.18,2021-10-01,4
52,1002613,2.34,2021-10-01,7
53,1002614,2.94,2021-10-01,8
54,1002615,8.08,2021-10-01,7
55,1002616,9.84,2021-10-01,8
56,1002617,4.02,2021-10-01,4
57,1002618,6.81,2021-10-01,8
58,1002619,6.86,2021-10-01,8
59,1002620,9.05,2021-10-01,4
60,1002621,9.57,2021-10-01,7
61,1002622,3.2,2021-10-02,3
62,1002623,8.33,2021-10-02,3
63,1002624,8.15,2021-10-02,4
64,1002625,2.98,2021-10-02,6
65,1002626,3.66,2021-10-02,7
66,1002627,5.04,2021-10-02,7
67,1002628,7.73,2021-10-02,3
68,1002629,8.93,2021-10-02,2
69,1002630,5.37,2021-10-02,7
70,1002631,7.0,2021-10-02,2
71,1002632,6.48,2021-10-02,2
72,1002633,2.75,2021-10-02,4
73,1002634,6.39,2021-10-02,8
74,1002635,7.01,2021-10-02,5
75,1002636,5.8,2021-10-02,2
76,1002637,6.06,2021-10-02,6
77,1002638,7.45,2021-10-02,2
78,1002639,7.88,2021-10-02,6
79,1002640,3.83,2021-10-02,3
80,1002641,5.15,2021-10-02,2
81,1002642,8.28,2021-10-02,8
82,1002643,4.44,2021-10-02,7
83,1002644,4.05,2021-10-02,8
84,1002645,2.89,2021-10-02,6
85,1002646,3.47,2021-10-02,5
86,1002647,5.62,2021-10-02,5
87,1002648,9.5,2021-10-02,4
88,1002649,5.23,2021-10-02,6
89,1002650,2.97,2021-10-02,5
90,1002651,5.35,2021-10-02,8
91,1002652,4.31,2021-10-02,3
92,1002653,6.26,2021-10-02,2
93,1002654,8.11,2021-10-02,5
94,1002655,4.76,2021-10-02,8
95,1002656,2.96,2021-10-02,2
96,1002657,5.16,2021-10-02,4
97,1002658,5.57,2021-10-02,2
98,1002659,7.57,2021-10-02,3
99,1002660,4.61,2021-10-02,5
100,1002661,8.24,2021-10-02,7
101,1002662,3.35,2021-10-02,8
102,1002663,4.22,2021-10-02,7
103,1002664,4.38,2021-10-02,4
104,1002665,3.75,2021-10-02,3
105,1002666,7.28,2021-10-02,7
106,1002667,7.51,2021-10-02,3
107,1002668,7.41,2021-10-02,6
108,1002669,4.96,2021-10-02,8
109,1002670,9.2,2021-10-02,8
110,1002671,5.15,2021-10-02,7
111,1002672,4.22,2021-10-02,3
112,1002673,2.98,2021-10-02,2
113,1002674,9.08,2021-10-02,6
114,1002675,3.76,2021-10-02,7
115,1002676,9.28,2021-10-02,2
116,1002677,6.27,2021-10-02,3
117,1002678,3.38,2021-10-02,3
118,1002679,5.43,2021-10-02,3
119,1002680,4.38,2021-10-02,4
120,1002681,4.66,2021-10-02,5
121,1002682,7.21,2021-10-03,6
122,1002683,6.64,2021-10-03,2
123,1002684,2.45,2021-10-03,5
124,1002685,8.36,2021-10-03,8
125,1002686,7.1,2021-10-03,3
126,1002687,9.77,2021-10-03,4
127,1002688,4.81,2021-10-03,7
128,1002689,9.56,2021-10-03,2
129,1002690,6.67,2021-10-03,7
130,1002691,6.91,2021-10-03,5
131,1002692,5.6,2021-10-03,4
132,1002693,8.83,2021-10-03,4
133,1002694,8.84,2021-10-03,4
134,1002695,3.48,2021-10-03,8
135,1002696,2.9,2021-10-03,6
136,1002697,5.04,2021-10-03,2
137,1002698,8.79,2021-10-03,5
138,1002699,3.05,2021-10-03,6
139,1002700,7.02,2021-10-03,8
140,1002701,3.2,2021-10-03,6
141,1002702,5.24,2021-10-03,3
142,1002703,8.4,2021-10-03,6
143,1002704,3.1,2021-10-03,7
144,1002705,5.58,2021-10-03,6
145,1002706,9.71,2021-10-03,4
146,1002707,4.54,2021-10-03,4
147,1002708,9.97,2021-10-03,2
148,1002709,4.1,2021-10-03,6
149,1002710,3.8,2021-10-03,5
150,1002711,4.03,2021-10-03,2
151,1002712,8.43,2021-10-03,6
152,1002713,9.95,2021-10-03,8
153,1002714,3.13,2021-10-03,3
154,1002715,5.08,2021-10-03,2
155,1002716,3.19,2021-10-03,6
156,1002717,9.52,2021-10-03,2
157,1002718,7.94,2021-10-03,3
158,1002719,5.02,2021-10-03,8
159,1002720,3.84,2021-10-03,4
160,1002721,4.94,2021-10-03,4
161,1002722,4.9,2021-10-03,5
162,1002723,6.72,2021-10-03,5
163,1002724,6.38,2021-10-03,7
164,1002725,2.74,2021-10-03,2
165,1002726,6.32,2021-10-03,7
166,1002727,7.88,2021-10-03,5
167,1002728,4.54,2021-10-03,6
168,1002729,5.15,2021-10-03,7
169,1002730,3.62,2021-10-03,4
170,1002731,4.94,2021-10-03,6
171,1002732,7.31,2021-10-03,3
172,1002733,3.76,2021-10-03,8
173,1002734,4.24,2021-10-03,4
174,1002735,4.93,2021-10-03,8
175,1002736,9.32,2021-10-03,4
176,1002737,2.2,2021-10-03,4
177,1002738,8.12,2021-10-03,3
178,1002739,7.33,2021-10-03,6
179,1002740,8.22,2021-10-03,6
180,1002741,7.64,2021-10-03,3
181,1002742,5.81,2021-10-04,6
182,1002743,2.85,2021-10-04,4
183,1002744,2.61,2021-10-04,7
184,1002745,6.54,2021-10-04,7
185,1002746,9.63,2021-10-04,2
186,1002747,5.34,2021-10-04,8
187,1002748,4.24,2021-10-04,5
188,1002749,4.21,2021-10-04,8
189,1002750,5.26,2021-10-04,5
190,1002751,5.07,2021-10-04,7
191,1002752,5.89,2021-10-04,4
192,1002753,8.25,2021-10-04,4
193,1002754,7.2,2021-10-04,8
194,1002755,9.54,2021-10-04,3
195,1002756,6.77,2021-10-04,8
196,1002757,4.4,2021-10-04,4
197,1002758,9.4,2021-10-04,7
198,1002759,2.86,2021-10-04,3
199,1002760,9.18,2021-10-04,3
200,1002761,9.66,2021-10-04,7
201,1002762,6.56,2021-10-04,6
202,1002763,8.03,2021-10-04,2
203,1002764,4.81,2021-10-04,7
204,1002765,8.2,2021-10-04,2
205,1002766,3.39,2021-10-04,8
206,1002767,2.27,2021-10-04,7
207,1002768,5.7,2021-10-04,5
208,1002769,4.07,2021-10-04,7
209,1002770,4.64,2021-10-04,6
210,1002771,2.52,2021-10-04,4
212,1002773,7.33,2021-10-04,4
213,1002774,8.88,2021-10-04,8
214,1002775,4.45,2021-10-04,4
215,1002776,8.39,2021-10-04,7
216,1002777,5.84,2021-10-04,5
217,1002778,4.26,2021-10-04,6
218,1002779,3.49,2021-10-04,8
219,1002780,7.9,2021-10-04,3
220,1002781,6.01,2021-10-04,2
221,1002782,2.22,2021-10-04,6
222,1002783,5.02,2021-10-04,6
223,1002784,9.96,2021-10-04,7
224,1002785,9.79,2021-10-04,8
225,1002786,2.13,2021-10-04,8
226,1002787,6.58,2021-10-04,7
227,1002788,6.34,2021-10-04,5
228,1002789,4.35,2021-10-04,4
229,1002790,9.25,2021-10-04,6
230,1002791,3.11,2021-10-04,4
231,1002792,9.25,2021-10-04,6
232,1002793,7.3,2021-10-04,3
233,1002794,9.45,2021-10-04,2
234,1002795,6.92,2021-10-04,3
235,1002796,7.55,2021-10-04,8
236,1002797,9.64,2021-10-04,6
237,1002798,9.47,2021-10-04,4
238,1002799,5.02,2021-10-04,2
239,1002800,2.44,2021-10-04,2
240,1002801,6.18,2021-10-04,6
241,1002802,9.58,2021-10-05,2
242,1002803,9.43,2021-10-05,7
243,1002804,4.25,2021-10-05,5
244,1002805,5.52,2021-10-05,5
245,1002806,4.61,2021-10-05,5
246,1002807,5.36,2021-10-05,3
247,1002808,9.06,2021-10-05,5
248,1002809,7.6,2021-10-05,3
249,1002810,5.25,2021-10-05,8
250,1002811,9.91,2021-10-05,4
251,1002812,9.75,2021-10-05,2
252,1002813,8.34,2021-10-05,6
253,1002814,5.42,2021-10-05,6
254,1002815,7.99,2021-10-05,4
255,1002816,9.94,2021-10-05,8
256,1002817,4.27,2021-10-05,3
257,1002818,3.37,2021-10-05,2
258,1002819,3.01,2021-10-05,3
259,1002820,5.8,2021-10-05,6
260,1002821,3.09,2021-10-05,7
261,1002822,6.96,2021-10-05,2
262,1002823,5.25,2021-10-05,7
263,1002824,4.04,2021-10-05,5
264,1002825,9.26,2021-10-05,4
265,1002826,6.14,2021-10-05,7
266,1002827,2.97,2021-10-05,7
267,1002828,9.11,2021-10-05,3
268,1002829,6.92,2021-10-05,7
269,1002830,2.53,2021-10-05,7
270,1002831,7.04,2021-10-05,5
271,1002832,9.7,2021-10-05,5
272,1002833,6.7,2021-10-05,3
273,1002834,5.42,2021-10-05,5
274,1002835,8.25,2021-10-05,6
275,1002836,6.06,2021-10-05,4
276,1002837,3.12,2021-10-05,3
277,1002838,7.34,2021-10-05,7
278,1002839,9.95,2021-10-05,6
279,1002840,4.21,2021-10-05,5
280,1002841,5.45,2021-10-05,7
281,1002842,8.66,2021-10-05,5
282,1002843,6.44,2021-10-05,5
283,1002844,2.18,2021-10-05,2
284,1002845,9.27,2021-10-05,6
285,1002846,4.61,2021-10-05,2
286,1002847,8.47,2021-10-05,7
287,1002848,7.11,2021-10-05,5
288,1002849,6.82,2021-10-05,6
289,1002850,6.59,2021-10-05,5
290,1002851,8.87,2021-10-05,7
291,1002852,9.34,2021-10-05,6
292,1002853,6.86,2021-10-05,7
293,1002854,5.72,2021-10-05,4
294,1002855,5.49,2021-10-05,4
295,1002856,3.78,2021-10-05,6
296,1002857,8.48,2021-10-05,4
297,1002858,5.15,2021-10-05,7
298,1002859,6.01,2021-10-05,5
299,1002860,8.5,2021-10-05,2
300,1002861,9.36,2021-10-05,2
301,1002862,2.75,2021-10-06,5
302,1002863,4.31,2021-10-06,6
303,1002864,9.62,2021-10-06,6
304,1002865,8.0,2021-10-06,8
305,1002866,8.61,2021-10-06,2
306,1002867,3.51,2021-10-06,5
307,1002868,9.66,2021-10-06,8
308,1002869,2.3,2021-10-06,3
309,1002870,2.94,2021-10-06,3
310,1002871,7.02,2021-10-06,8
311,1002872,5.92,2021-10-06,8
312,1002873,9.08,2021-10-06,4
313,1002874,2.85,2021-10-06,3
314,1002875,6.87,2021-10-06,6
315,1002876,4.7,2021-10-06,3
316,1002877,8.2,2021-10-06,7
317,1002878,4.13,2021-10-06,4
318,1002879,5.72,2021-10-06,8
319,1002880,3.31,2021-10-06,2
320,1002881,2.42,2021-10-06,6
321,1002882,9.87,2021-10-06,7
322,1002883,8.31,2021-10-06,4
323,1002884,7.09,2021-10-06,3
324,1002885,5.77,2021-10-06,3
325,1002886,3.35,2021-10-06,2
326,1002887,3.57,2021-10-06,8
327,1002888,8.75,2021-10-06,4
328,1002889,4.61,2021-10-06,5
329,1002890,9.1,2021-10-06,3
330,1002891,5.41,2021-10-06,5
331,1002892,6.47,2021-10-06,3
332,1002893,4.07,2021-10-06,2
333,1002894,4.0,2021-10-06,5
334,1002895,6.01,2021-10-06,7
335,1002896,7.44,2021-10-06,8
336,1002897,2.4,2021-10-06,7
337,1002898,9.19,2021-10-06,7
338,1002899,8.29,2021-10-06,3
339,1002900,3.77,2021-10-06,5
340,1002901,2.51,2021-10-06,2
341,1002902,9.29,2021-10-06,4
342,1002903,4.24,2021-10-06,4
343,1002904,7.77,2021-10-06,4
344,1002905,9.47,2021-10-06,5
345,1002906,6.61,2021-10-06,8
346,1002907,6.96,2021-10-06,2
347,1002908,5.86,2021-10-06,2
348,1002909,5.66,2021-10-06,8
349,1002910,2.12,2021-10-06,7
350,1002911,6.8,2021-10-06,3
351,1002912,2.64,2021-10-06,7
352,1002913,4.39,2021-10-06,3
353,1002914,7.21,2021-10-06,2
354,1002915,8.76,2021-10-06,5
355,1002916,9.0,2021-10-06,7
356,1002917,9.2,2021-10-06,5
357,1002918,8.26,2021-10-06,5
358,1002919,5.17,2021-10-06,5
359,1002920,6.0,2021-10-06,8
360,1002921,2.95,2021-10-06,7
361,1002922,8.3,2021-10-07,6
362,1002923,7.58,2021-10-07,6
363,1002924,8.6,2021-10-07,6
364,1002925,2.4,2021-10-07,8
365,1002926,4.55,2021-10-07,6
366,1002927,3.29,2021-10-07,5
367,1002928,7.9,2021-10-07,2
368,1002929,8.22,2021-10-07,5
369,1002930,6.51,2021-10-07,2
370,1002931,7.56,2021-10-07,2
371,1002932,9.2,2021-10-07,8
372,1002933,7.63,2021-10-07,7
373,1002934,9.85,2021-10-07,7
374,1002935,6.93,2021-10-07,7
375,1002936,6.82,2021-10-07,2
376,1002937,7.65,2021-10-07,8
377,1002938,3.67,2021-10-07,3
378,1002939,9.67,2021-10-07,7
379,1002940,7.55,2021-10-07,7
380,1002941,9.89,2021-10-07,7
381,1002942,6.37,2021-10-07,3
382,1002943,2.4,2021-10-07,8
383,1002944,8.04,2021-10-07,3
384,1002945,9.89,2021-10-07,3
385,1002946,7.16,2021-10-07,2
386,1002947,5.89,2021-10-07,3
387,1002948,7.02,2021-10-07,8
388,1002949,7.11,2021-10-07,4
389,1002950,3.59,2021-10-07,8
390,1002951,7.29,2021-10-07,2
391,1002952,7.36,2021-10-07,5
392,1002953,4.58,2021-10-07,8
393,1002954,6.39,2021-10-07,4
394,1002955,5.88,2021-10-07,3
395,1002956,6.2,2021-10-07,2
396,1002957,2.7,2021-10-07,7
397,1002958,2.9,2021-10-07,7
398,1002959,6.86,2021-10-07,5
399,1002960,8.53,2021-10-07,4
400,1002961,5.07,2021-10-07,7
401,1002962,9.45,2021-10-07,2
402,1002963,3.49,2021-10-07,5
403,1002964,6.57,2021-10-07,6
404,1002965,8.36,2021-10-07,6
405,1002966,3.71,2021-10-07,7
406,1002967,4.8,2021-10-07,4
407,1002968,2.59,2021-10-07,5
408,1002969,2.28,2021-10-07,4
409,1002970,7.93,2021-10-07,8
410,1002971,7.33,2021-10-07,8
411,1002972,3.2,2021-10-07,5
412,1002973,7.16,2021-10-07,6
413,1002974,4.49,2021-10-07,8
414,1002975,2.56,2021-10-07,5
415,1002976,6.83,2021-10-07,3
416,1002977,4.34,2021-10-07,7
417,1002978,4.07,2021-10-07,4
418,1002979,2.45,2021-10-07,3
419,1002980,6.53,2021-10-07,3
420,1002981,2.06,2021-10-07,4
421,1002982,2.81,2021-10-08,7
423,1002984,6.75,2021-10-08,3
424,1002985,7.6,2021-10-08,7
425,1002986,3.6,2021-10-08,6
426,1002987,5.28,2021-10-08,3
427,1002988,3.58,2021-10-08,6
428,1002989,7.28,2021-10-08,3
429,1002990,4.34,2021-10-08,3
430,1002991,7.53,2021-10-08,5
431,1002992,2.66,2021-10-08,3
432,1002993,4.26,2021-10-08,4
433,1002994,9.0,2021-10-08,7
434,1002995,6.83,2021-10-08,4
435,1002996,7.72,2021-10-08,3
436,1002997,3.91,2021-10-08,5
437,1002998,8.2,2021-10-08,5
438,1002999,6.28,2021-10-08,7
439,1003000,9.83,2021-10-08,6
440,1003001,3.1,2021-10-08,3
441,1003002,5.2,2021-10-08,2
442,1003003,6.66,2021-10-08,7
443,1003004,5.54,2021-10-08,8
444,1003005,2.26,2021-10-08,2
445,1003006,9.07,2021-10-08,3
446,1003007,6.3,2021-10-08,3
447,1003008,8.71,2021-10-08,8
448,1003009,9.19,2021-10-08,4
449,1003010,8.37,2021-10-08,5
450,1003011,8.23,2021-10-08,6
451,1003012,8.37,2021-10-08,5
452,1003013,9.3,2021-10-08,5
453,1003014,7.42,2021-10-08,7
454,1003015,7.71,2021-10-08,2
455,1003016,6.34,2021-10-08,7
456,1003017,4.73,2021-10-08,8
457,1003018,7.93,2021-10-08,6
458,1003019,9.16,2021-10-08,8
459,1003020,5.91,2021-10-08,8
460,1003021,9.36,2021-10-08,6
461,1003022,8.72,2021-10-08,3
462,1003023,2.83,2021-10-08,4
463,1003024,2.14,2021-10-08,4
464,1003025,6.65,2021-10-08,5
465,1003026,3.11,2021-10-08,6
466,1003027,7.33,2021-10-08,7
467,1003028,8.98,2021-10-08,6
468,1003029,8.11,2021-10-08,4
469,1003030,2.24,2021-10-08,8
470,1003031,2.42,2021-10-08,8
471,1003032,7.35,2021-10-08,2
472,1003033,7.36,2021-10-08,4
473,1003034,5.1,2021-10-08,5
474,1003035,3.61,2021-10-08,8
475,1003036,8.61,2021-10-08,7
476,1003037,2.05,2021-10-08,2
477,1003038,7.26,2021-10-08,5
478,1003039,3.88,2021-10-08,5
479,1003040,3.93,2021-10-08,7
480,1003041,2.59,2021-10-08,2
481,1003042,5.36,2021-10-09,6
482,1003043,7.7,2021-10-09,4
483,1003044,6.56,2021-10-09,7
484,1003045,9.64,2021-10-09,5
485,1003046,3.18,2021-10-09,3
486,1003047,9.98,2021-10-09,8
487,1003048,8.04,2021-10-09,5
488,1003049,5.43,2021-10-09,6
489,1003050,8.36,2021-10-09,8
490,1003051,4.49,2021-10-09,6
491,1003052,4.13,2021-10-09,6
492,1003053,9.23,2021-10-09,2
493,1003054,4.66,2021-10-09,5
494,1003055,3.38,2021-10-09,7
495,1003056,6.61,2021-10-09,5
496,1003057,2.61,2021-10-09,7
497,1003058,9.27,2021-10-09,7
498,1003059,3.7,2021-10-09,7
499,1003060,4.89,2021-10-09,5
500,1003061,3.18,2021-10-09,6
501,1003062,3.82,2021-10-09,7
502,1003063,5.73,2021-10-09,8
503,1003064,8.78,2021-10-09,6
504,1003065,5.97,2021-10-09,2
505,1003066,5.9,2021-10-09,2
506,1003067,4.88,2021-10-09,2
507,1003068,5.36,2021-10-09,6
508,1003069,2.76,2021-10-09,6
509,1003070,9.96,2021-10-09,6
510,1003071,6.15,2021-10-09,5
511,1003072,7.38,2021-10-09,3
512,1003073,9.01,2021-10-09,4
513,1003074,2.0,2021-10-09,3
514,1003075,7.96,2021-10-09,3
515,1003076,2.19,2021-10-09,7
516,1003077,6.42,2021-10-09,2
517,1003078,8.61,2021-10-09,8
518,1003079,4.59,2021-10-09,5
519,1003080,7.95,2021-10-09,2
520,1003081,6.34,2021-10-09,4
521,1003082,5.38,2021-10-09,3
522,1003083,3.4,2021-10-09,2
523,1003084,7.69,2021-10-09,4
524,1003085,6.36,2021-10-09,7
525,1003086,9.82,2021-10-09,4
526,1003087,2.89,2021-10-09,3
527,1003088,6.63,2021-10-09,2
528,1003089,8.05,2021-10-09,4
529,1003090,6.9,2021-10-09,6
530,1003091,6.21,2021-10-09,5
531,1003092,8.95,2021-10-09,4
532,1003093,9.47,2021-10-09,4
533,1003094,4.2,2021-10-09,6
534,1003095,3.28,2021-10-09,4
535,1003096,8.44,2021-10-09,3
536,1003097,6.5,2021-10-09,4
537,1003098,3.43,2021-10-09,3
538,1003099,4.34,2021-10-09,8
539,1003100,2.3,2021-10-09,3
540,1003101,7.55,2021-10-09,5
541,1003102,8.63,2021-10-10,4
542,1003103,4.18,2021-10-10,7
543,1003104,5.42,2021-10-10,8
544,1003105,2.22,2021-10-10,8
545,1003106,2.71,2021-10-10,8
546,1003107,9.71,2021-10-10,3
547,1003108,9.44,2021-10-10,7
548,1003109,9.98,2021-10-10,6
549,1003110,6.33,2021-10-10,3
550,1003111,2.2,2021-10-10,2
551,1003112,5.32,2021-10-10,7
552,1003113,6.47,2021-10-10,2
553,1003114,3.47,2021-10-10,8
554,1003115,4.68,2021-10-10,4
555,1003116,5.97,2021-10-10,2
556,1003117,3.28,2021-10-10,7
557,1003118,7.64,2021-10-10,8
558,1003119,9.96,2021-10-10,4
559,1003120,6.06,2021-10-10,8
560,1003121,5.03,2021-10-10,2
561,1003122,6.17,2021-10-10,5
562,1003123,4.18,2021-10-10,7
563,1003124,5.14,2021-10-10,3
564,1003125,4.34,2021-10-10,4
565,1003126,8.3,2021-10-10,8
566,1003127,5.35,2021-10-10,4
567,1003128,7.98,2021-10-10,2
568,1003129,6.11,2021-10-10,5
569,1003130,7.69,2021-10-10,4
570,1003131,2.03,2021-10-10,6
571,1003132,8.08,2021-10-10,2
572,1003133,8.37,2021-10-10,4
573,1003134,4.41,2021-10-10,2
574,1003135,9.77,2021-10-10,3
575,1003136,5.92,2021-10-10,5
576,1003137,4.0,2021-10-10,5
577,1003138,5.18,2021-10-10,7
578,1003139,9.85,2021-10-10,4
579,1003140,9.39,2021-10-10,2
580,1003141,5.98,2021-10-10,7
581,1003142,5.51,2021-10-10,8
582,1003143,9.88,2021-10-10,6
583,1003144,7.41,2021-10-10,2
584,1003145,3.68,2021-10-10,2
585,1003146,5.71,2021-10-10,8
586,1003147,9.79,2021-10-10,3
587,1003148,4.4,2021-10-10,6
588,1003149,7.34,2021-10-10,2
589,1003150,6.22,2021-10-10,7
590,1003151,7.0,2021-10-10,3
591,1003152,3.18,2021-10-10,5
592,1003153,7.76,2021-10-10,6
593,1003154,8.88,2021-10-10,6
594,1003155,5.85,2021-10-10,2
595,1003156,7.19,2021-10-10,7
596,1003157,8.95,2021-10-10,4
597,1003158,4.03,2021-10-10,8
598,1003159,8.2,2021-10-10,8
599,1003160,8.52,2021-10-10,6
600,1003161,9.91,2021-10-10,4
601,1003162,7.03,2021-10-11,8
602,1003163,6.35,2021-10-11,7
603,1003164,6.48,2021-10-11,2
604,1003165,7.55,2021-10-11,7
605,1003166,6.77,2021-10-11,3
606,1003167,3.48,2021-10-11,3
607,1003168,8.87,2021-10-11,5
608,1003169,4.86,2021-10-11,2
609,1003170,7.06,2021-10-11,3
610,1003171,5.85,2021-10-11,4
611,1003172,8.62,2021-10-11,7
612,1003173,4.37,2021-10-11,2
613,1003174,9.93,2021-10-11,2
614,1003175,8.14,2021-10-11,2
615,1003176,3.63,2021-10-11,4
616,1003177,2.3,2021-10-11,4
617,1003178,6.36,2021-10-11,8
618,1003179,6.04,2021-10-11,3
619,1003180,2.43,2021-10-11,5
620,1003181,6.03,2021-10-11,8
621,1003182,3.84,2021-10-11,8
622,1003183,3.77,2021-10-11,2
623,1003184,8.97,2021-10-11,6
624,1003185,9.99,2021-10-11,3
625,1003186,8.01,2021-10-11,7
626,1003187,6.27,2021-10-11,8
627,1003188,6.38,2021-10-11,3
628,1003189,4.87,2021-10-11,5
629,1003190,9.61,2021-10-11,4
630,1003191,9.53,2021-10-11,4
631,1003192,8.49,2021-10-11,3
632,1003193,6.35,2021-10-11,4
634,1003195,3.67,2021-10-11,4
635,1003196,9.1,2021-10-11,2
636,1003197,3.25,2021-10-11,2
637,1003198,3.56,2021-10-11,2
638,1003199,4.3,2021-10-11,8
639,1003200,2.95,2021-10-11,3
640,1003201,4.11,2021-10-11,5
641,1003202,8.69,2021-10-11,5
642,1003203,4.0,2021-10-11,4
643,1003204,6.23,2021-10-11,7
644,1003205,5.01,2021-10-11,8
645,1003206,3.17,2021-10-11,4
646,1003207,2.74,2021-10-11,7
647,1003208,9.95,2021-10-11,7
648,1003209,9.26,2021-10-11,5
649,1003210,2.03,2021-10-11,2
650,1003211,3.35,2021-10-11,7
651,1003212,6.65,2021-10-11,7
652,1003213,7.62,2021-10-11,4
653,1003214,9.72,2021-10-11,3
654,1003215,8.14,2021-10-11,7
655,1003216,9.34,2021-10-11,4
656,1003217,7.49,2021-10-11,5
657,1003218,9.77,2021-10-11,8
658,1003219,8.42,2021-10-11,7
659,1003220,7.36,2021-10-11,4
660,1003221,6.71,2021-10-11,5
661,1003222,6.93,2021-10-12,4
662,1003223,4.33,2021-10-12,3
663,1003224,3.98,2021-10-12,7
664,1003225,5.17,2021-10-12,2
665,1003226,2.82,2021-10-12,3
666,1003227,5.73,2021-10-12,6
667,1003228,4.7,2021-10-12,7
668,1003229,9.21,2021-10-12,8
669,1003230,7.55,2021-10-12,7
670,1003231,4.62,2021-10-12,7
671,1003232,6.65,2021-10-12,2
672,1003233,9.08,2021-10-12,3
673,1003234,9.49,2021-10-12,3
674,1003235,3.99,2021-10-12,3
675,1003236,6.19,2021-10-12,6
676,1003237,2.15,2021-10-12,6
677,1003238,8.02,2021-10-12,4
678,1003239,5.36,2021-10-12,8
679,1003240,8.01,2021-10-12,3
680,1003241,6.27,2021-10-12,6
681,1003242,5.38,2021-10-12,8
682,1003243,6.83,2021-10-12,7
683,1003244,6.16,2021-10-12,5
684,1003245,4.87,2021-10-12,4
685,1003246,6.65,2021-10-12,5
686,1003247,3.79,2021-10-12,7
687,1003248,4.23,2021-10-12,7
688,1003249,8.67,2021-10-12,4
689,1003250,5.92,2021-10-12,5
690,1003251,9.46,2021-10-12,3
691,1003252,4.66,2021-10-12,5
692,1003253,5.54,2021-10-12,8
693,1003254,6.17,2021-10-12,3
694,1003255,6.46,2021-10-12,6
695,1003256,3.99,2021-10-12,8
696,1003257,4.89,2021-10-12,2
697,1003258,4.24,2021-10-12,8
698,1003259,6.73,2021-10-12,6
699,1003260,5.6,2021-10-12,8
700,1003261,5.52,2021-10-12,6
701,1003262,4.58,2021-10-12,7
702,1003263,7.87,2021-10-12,3
703,1003264,5.47,2021-10-12,4
704,1003265,2.87,2021-10-12,2
705,1003266,7.72,2021-10-12,5
706,1003267,7.41,2021-10-12,2
707,1003268,2.59,2021-10-12,2
708,1003269,9.56,2021-10-12,8
709,1003270,7.32,2021-10-12,8
710,1003271,8.72,2021-10-12,8
711,1003272,9.32,2021-10-12,3
712,1003273,8.06,2021-10-12,5
713,1003274,7.31,2021-10-12,4
714,1003275,9.78,2021-10-12,8
715,1003276,4.59,2021-10-12,8
716,1003277,5.3,2021-10-12,8
717,1003278,4.77,2021-10-12,2
718,1003279,2.98,2021-10-12,3
719,1003280,5.38,2021-10-12,6
720,1003281,8.73,2021-10-12,6
721,1003282,7.7,2021-10-13,7
722,1003283,3.93,2021-10-13,7
723,1003284,9.14,2021-10-13,5
724,1003285,7.89,2021-10-13,3
725,1003286,2.7,2021-10-13,7
726,1003287,7.26,2021-10-13,8
727,1003288,9.82,2021-10-13,5
728,1003289,3.01,2021-10-13,8
729,1003290,3.53,2021-10-13,7
730,1003291,5.34,2021-10-13,8
731,1003292,5.29,2021-10-13,7
732,1003293,5.4,2021-10-13,8
733,1003294,4.72,2021-10-13,3
734,1003295,4.09,2021-10-13,2
735,1003296,8.27,2021-10-13,4
736,1003297,2.67,2021-10-13,6
737,1003298,7.28,2021-10-13,3
738,1003299,8.37,2021-10-13,2
739,1003300,4.74,2021-10-13,3
740,1003301,4.39,2021-10-13,7
741,1003302,6.85,2021-10-13,3
742,1003303,6.0,2021-10-13,6
743,1003304,5.12,2021-10-13,5
744,1003305,7.92,2021-10-13,5
745,1003306,6.14,2021-10-13,4
746,1003307,8.6,2021-10-13,3
747,1003308,4.27,2021-10-13,3
748,1003309,3.98,2021-10-13,2
749,1003310,7.96,2021-10-13,8
750,1003311,8.93,2021-10-13,2
751,1003312,5.29,2021-10-13,7
752,1003313,5.56,2021-10-13,3
753,1003314,5.24,2021-10-13,2
754,1003315,5.31,2021-10-13,2
755,1003316,2.61,2021-10-13,2
756,1003317,5.43,2021-10-13,8
757,1003318,8.33,2021-10-13,2
758,1003319,8.0,2021-10-13,6
759,1003320,5.81,2021-10-13,7
760,1003321,5.07,2021-10-13,8
761,1003322,4.02,2021-10-13,3
762,1003323,7.19,2021-10-13,3
763,1003324,6.68,2021-10-13,7
764,1003325,4.91,2021-10-13,8
765,1003326,8.36,2021-10-13,8
766,1003327,5.48,2021-10-13,7
767,1003328,5.83,2021-10-13,7
768,1003329,7.29,2021-10-13,3
769,1003330,6.58,2021-10-13,4
770,1003331,8.56,2021-10-13,3
771,1003332,5.48,2021-10-13,6
772,1003333,8.27,2021-10-13,7
773,1003334,3.76,2021-10-13,4
774,1003335,8.9,2021-10-13,2
775,1003336,8.65,2021-10-13,4
776,1003337,9.35,2021-10-13,5
777,1003338,8.91,2021-10-13,5
778,1003339,6.05,2021-10-13,5
779,1003340,6.63,2021-10-13,6
780,1003341,3.12,2021-10-13,3
781,1003342,4.3,2021-10-14,2
782,1003343,5.17,2021-10-14,7
783,1003344,6.44,2021-10-14,2
784,1003345,8.72,2021-10-14,2
785,1003346,5.19,2021-10-14,5
786,1003347,7.32,2021-10-14,7
787,1003348,2.21,2021-10-14,6
788,1003349,3.19,2021-10-14,6
789,1003350,6.13,2021-10-14,5
790,1003351,3.67,2021-10-14,3
791,1003352,4.01,2021-10-14,7
792,1003353,4.22,2021-10-14,7
793,1003354,4.39,2021-10-14,3
794,1003355,3.8,2021-10-14,7
795,1003356,7.54,2021-10-14,5
796,1003357,2.19,2021-10-14,4
797,1003358,9.6,2021-10-14,8
798,1003359,2.59,2021-10-14,8
799,1003360,2.33,2021-10-14,3
800,1003361,9.35,2021-10-14,5
801,1003362,7.59,2021-10-14,8
802,1003363,8.35,2021-10-14,2
803,1003364,6.42,2021-10-14,8
804,1003365,9.97,2021-10-14,5
805,1003366,4.01,2021-10-14,3
806,1003367,9.27,2021-10-14,4
807,1003368,5.52,2021-10-14,8
808,1003369,3.83,2021-10-14,2
809,1003370,9.52,2021-10-14,3
810,1003371,7.15,2021-10-14,4
811,1003372,4.26,2021-10-14,2
812,1003373,8.23,2021-10-14,5
813,1003374,5.94,2021-10-14,5
814,1003375,9.98,2021-10-14,4
815,1003376,4.57,2021-10-14,2
816,1003377,5.22,2021-10-14,7
817,1003378,7.94,2021-10-14,7
818,1003379,5.89,2021-10-14,2
819,1003380,8.1,2021-10-14,8
820,1003381,2.32,2021-10-14,6
821,1003382,7.71,2021-10-14,5
822,1003383,4.11,2021-10-14,8
823,1003384,6.31,2021-10-14,3
824,1003385,7.5,2021-10-14,5
825,1003386,2.73,2021-10-14,6
826,1003387,9.09,2021-10-14,2
827,1003388,2.98,2021-10-14,5
828,1003389,6.04,2021-10-14,6
829,1003390,6.6,2021-10-14,5
830,1003391,5.52,2021-10-14,8
831,1003392,4.78,2021-10-14,5
832,1003393,5.35,2021-10-14,4
833,1003394,6.9,2021-10-14,2
834,1003395,4.22,2021-10-14,8
835,1003396,8.08,2021-10-14,4
836,1003397,7.36,2021-10-14,5
837,1003398,3.96,2021-10-14,4
838,1003399,3.22,2021-10-14,5
839,1003400,7.13,2021-10-14,2
840,1003401,6.96,2021-10-14,4
841,1003402,9.61,2021-10-15,5
842,1003403,5.79,2021-10-15,2
843,1003404,4.15,2021-10-15,3
845,1003406,9.54,2021-10-15,2
846,1003407,3.32,2021-10-15,2
847,1003408,9.33,2021-10-15,7
848,1003409,9.37,2021-10-15,7
849,1003410,9.67,2021-10-15,7
850,1003411,9.95,2021-10-15,6
851,1003412,6.57,2021-10-15,3
852,1003413,3.04,2021-10-15,7
853,1003414,6.28,2021-10-15,7
854,1003415,4.5,2021-10-15,3
855,1003416,2.66,2021-10-15,8
856,1003417,6.53,2021-10-15,8
857,1003418,4.27,2021-10-15,8
858,1003419,5.21,2021-10-15,2
859,1003420,6.04,2021-10-15,2
860,1003421,4.71,2021-10-15,2
861,1003422,3.18,2021-10-15,8
862,1003423,2.66,2021-10-15,4
863,1003424,3.08,2021-10-15,2
864,1003425,2.21,2021-10-15,2
865,1003426,9.22,2021-10-15,7
866,1003427,4.57,2021-10-15,4
867,1003428,9.52,2021-10-15,3
868,1003429,3.36,2021-10-15,2
869,1003430,4.27,2021-10-15,5
870,1003431,3.15,2021-10-15,7
871,1003432,4.2,2021-10-15,5
872,1003433,2.67,2021-10-15,3
873,1003434,2.21,2021-10-15,2
874,1003435,9.84,2021-10-15,2
875,1003436,2.81,2021-10-15,3
876,1003437,9.8,2021-10-15,7
877,1003438,4.51,2021-10-15,3
878,1003439,6.42,2021-10-15,6
879,1003440,3.55,2021-10-15,2
880,1003441,3.47,2021-10-15,3
881,1003442,6.58,2021-10-15,7
882,1003443,2.2,2021-10-15,5
883,1003444,2.21,2021-10-15,6
884,1003445,6.29,2021-10-15,5
885,1003446,8.91,2021-10-15,3
886,1003447,8.09,2021-10-15,4
887,1003448,5.8,2021-10-15,3
888,1003449,8.42,2021-10-15,7
889,1003450,5.24,2021-10-15,3
890,1003451,9.33,2021-10-15,5
891,1003452,5.14,2021-10-15,7
892,1003453,2.0,2021-10-15,4
893,1003454,9.27,2021-10-15,6
894,1003455,2.42,2021-10-15,4
895,1003456,4.7,2021-10-15,3
896,1003457,6.75,2021-10-15,8
897,1003458,9.75,2021-10-15,3
898,1003459,5.43,2021-10-15,5
899,1003460,2.17,2021-10-15,7
900,1003461,9.02,2021-10-15,8
