_line,datetime,orders_id,refund
1,2021-10-01 00:00:00UTC,1002562,67
2,2021-10-01 00:00:00UTC,1002563,293
3,2021-10-01 00:00:00UTC,1002564,103
4,2021-10-01 00:00:00UTC,1002565,289
5,2021-10-01 00:00:00UTC,1002566,193
6,2021-10-01 00:00:00UTC,1002567,174
7,2021-10-01 00:00:00UTC,1002568,287
8,2021-10-01 00:00:00UTC,1002569,437
9,2021-10-01 00:00:00UTC,1002570,255
10,2021-10-01 00:00:00UTC,1002571,93
11,2021-10-01 00:00:00UTC,1002572,269
12,2021-10-01 00:00:00UTC,1002573,365
13,2021-10-01 00:00:00UTC,1002574,281
14,2021-10-01 00:00:00UTC,1002575,271
15,2021-10-01 00:00:00UTC,1002576,455
16,2021-10-01 00:00:00UTC,1002577,223
17,2021-10-01 00:00:00UTC,1002578,330
18,2021-10-01 00:00:00UTC,1002579,69
19,2021-10-01 00:00:00UTC,1002580,232
20,2021-10-01 00:00:00UTC,1002581,271
21,2021-10-01 00:00:00UTC,1002582,135
22,2021-10-01 00:00:00UTC,1002583,164
23,2021-10-01 00:00:00UTC,1002584,145
24,2021-10-01 00:00:00UTC,1002585,239
25,2021-10-01 00:00:00UTC,1002586,135
26,2021-10-01 00:00:00UTC,1002587,212
27,2021-10-01 00:00:00UTC,1002588,128
28,2021-10-01 00:00:00UTC,1002589,485
29,2021-10-01 00:00:00UTC,1002590,448
30,2021-10-01 00:00:00UTC,1002591,270
31,2021-10-01 00:00:00UTC,1002592,472
32,2021-10-01 00:00:00UTC,1002593,355
33,2021-10-01 00:00:00UTC,1002594,101
34,2021-10-01 00:00:00UTC,1002595,428
35,2021-10-01 00:00:00UTC,1002596,192
36,2021-10-01 00:00:00UTC,1002597,451
37,2021-10-01 00:00:00UTC,1002598,484
38,2021-10-01 00:00:00UTC,1002599,481
39,2021-10-01 00:00:00UTC,1002600,427
40,2021-10-01 00:00:00UTC,1002601,461
41,2021-10-01 00:00:00UTC,1002602,114
42,2021-10-01 00:00:00UTC,1002603,53
43,2021-10-01 00:00:00UTC,1002604,252
44,2021-10-01 00:00:00UTC,1002605,90
45,2021-10-01 00:00:00UTC,1002606,60
46,2021-10-01 00:00:00UTC,1002607,424
47,2021-10-01 00:00:00UTC,1002608,117
48,2021-10-01 00:00:00UTC,1002609,72
49,2021-10-01 00:00:00UTC,1002610,205
50,2021-10-01 00:00:00UTC,1002611,194
51,2021-10-01 00:00:00UTC,1002612,123
52,2021-10-01 00:00:00UTC,1002613,103
53,2021-10-01 00:00:00UTC,1002614,83
54,2021-10-01 00:00:00UTC,1002615,480
55,2021-10-01 00:00:00UTC,1002616,435
56,2021-10-01 00:00:00UTC,1002617,157
57,2021-10-01 00:00:00UTC,1002618,435
58,2021-10-01 00:00:00UTC,1002619,105
59,2021-10-01 00:00:00UTC,1002620,76
60,2021-10-01 00:00:00UTC,1002621,458
61,2021-10-02 00:00:00UTC,1002622,304
62,2021-10-02 00:00:00UTC,1002623,246
63,2021-10-02 00:00:00UTC,1002624,456
64,2021-10-02 00:00:00UTC,1002625,478
65,2021-10-02 00:00:00UTC,1002626,277
66,2021-10-02 00:00:00UTC,1002627,316
67,2021-10-02 00:00:00UTC,1002628,78
68,2021-10-02 00:00:00UTC,1002629,363
69,2021-10-02 00:00:00UTC,1002630,111
70,2021-10-02 00:00:00UTC,1002631,186
71,2021-10-02 00:00:00UTC,1002632,445
72,2021-10-02 00:00:00UTC,1002633,326
73,2021-10-02 00:00:00UTC,1002634,119
74,2021-10-02 00:00:00UTC,1002635,337
75,2021-10-02 00:00:00UTC,1002636,279
76,2021-10-02 00:00:00UTC,1002637,186
77,2021-10-02 00:00:00UTC,1002638,459
78,2021-10-02 00:00:00UTC,1002639,108
79,2021-10-02 00:00:00UTC,1002640,325
80,2021-10-02 00:00:00UTC,1002641,141
81,2021-10-02 00:00:00UTC,1002642,485
82,2021-10-02 00:00:00UTC,1002643,361
83,2021-10-02 00:00:00UTC,1002644,163
84,2021-10-02 00:00:00UTC,1002645,483
85,2021-10-02 00:00:00UTC,1002646,220
86,2021-10-02 00:00:00UTC,1002647,461
87,2021-10-02 00:00:00UTC,1002648,480
88,2021-10-02 00:00:00UTC,1002649,471
89,2021-10-02 00:00:00UTC,1002650,192
90,2021-10-02 00:00:00UTC,1002651,471
91,2021-10-02 00:00:00UTC,1002652,115
92,2021-10-02 00:00:00UTC,1002653,156
93,2021-10-02 00:00:00UTC,1002654,167
94,2021-10-02 00:00:00UTC,1002655,295
95,2021-10-02 00:00:00UTC,1002656,221
96,2021-10-02 00:00:00UTC,1002657,108
97,2021-10-02 00:00:00UTC,1002658,346
98,2021-10-02 00:00:00UTC,1002659,228
99,2021-10-02 00:00:00UTC,1002660,258
100,2021-10-02 00:00:00UTC,1002661,243
101,2021-10-02 00:00:00UTC,1002662,111
102,2021-10-02 00:00:00UTC,1002663,257
103,2021-10-02 00:00:00UTC,1002664,135
104,2021-10-02 00:00:00UTC,1002665,347
105,2021-10-02 00:00:00UTC,1002666,108
106,2021-10-02 00:00:00UTC,1002667,420
107,2021-10-02 00:00:00UTC,1002668,498
108,2021-10-02 00:00:00UTC,1002669,137
109,2021-10-02 00:00:00UTC,1002670,161
110,2021-10-02 00:00:00UTC,1002671,363
111,2021-10-02 00:00:00UTC,1002672,249
112,2021-10-02 00:00:00UTC,1002673,195
113,2021-10-02 00:00:00UTC,1002674,483
114,2021-10-02 00:00:00UTC,1002675,86
115,2021-10-02 00:00:00UTC,1002676,88
116,2021-10-02 00:00:00UTC,1002677,144
117,2021-10-02 00:00:00UTC,1002678,161
118,2021-10-02 00:00:00UTC,1002679,207
119,2021-10-02 00:00:00UTC,1002680,187
120,2021-10-02 00:00:00UTC,1002681,465
121,2021-10-03 00:00:00UTC,1002682,106
122,2021-10-03 00:00:00UTC,1002683,483
123,2021-10-03 00:00:00UTC,1002684,235
124,2021-10-03 00:00:00UTC,1002685,442
125,2021-10-03 00:00:00UTC,1002686,230
126,2021-10-03 00:00:00UTC,1002687,430
127,2021-10-03 00:00:00UTC,1002688,217
128,2021-10-03 00:00:00UTC,1002689,382
129,2021-10-03 00:00:00UTC,1002690,257
130,2021-10-03 00:00:00UTC,1002691,437
131,2021-10-03 00:00:00UTC,1002692,171
132,2021-10-03 00:00:00UTC,1002693,400
133,2021-10-03 00:00:00UTC,1002694,69
134,2021-10-03 00:00:00UTC,1002695,185
135,2021-10-03 00:00:00UTC,1002696,252
136,2021-10-03 00:00:00UTC,1002697,327
137,2021-10-03 00:00:00UTC,1002698,90
138,2021-10-03 00:00:00UTC,1002699,182
139,2021-10-03 00:00:00UTC,1002700,478
140,2021-10-03 00:00:00UTC,1002701,334
141,2021-10-03 00:00:00UTC,1002702,274
142,2021-10-03 00:00:00UTC,1002703,416
143,2021-10-03 00:00:00UTC,1002704,202
144,2021-10-03 00:00:00UTC,1002705,339
145,2021-10-03 00:00:00UTC,1002706,377
146,2021-10-03 00:00:00UTC,1002707,291
147,2021-10-03 00:00:00UTC,1002708,317
148,2021-10-03 00:00:00UTC,1002709,90
149,2021-10-03 00:00:00UTC,1002710,204
150,2021-10-03 00:00:00UTC,1002711,369
151,2021-10-03 00:00:00UTC,1002712,90
152,2021-10-03 00:00:00UTC,1002713,107
153,2021-10-03 00:00:00UTC,1002714,83
154,2021-10-03 00:00:00UTC,1002715,332
155,2021-10-03 00:00:00UTC,1002716,495
156,2021-10-03 00:00:00UTC,1002717,268
157,2021-10-03 00:00:00UTC,1002718,179
158,2021-10-03 00:00:00UTC,1002719,418
159,2021-10-03 00:00:00UTC,1002720,129
160,2021-10-03 00:00:00UTC,1002721,431
161,2021-10-03 00:00:00UTC,1002722,171
162,2021-10-03 00:00:00UTC,1002723,497
163,2021-10-03 00:00:00UTC,1002724,396
164,2021-10-03 00:00:00UTC,1002725,161
165,2021-10-03 00:00:00UTC,1002726,86
166,2021-10-03 00:00:00UTC,1002727,479
167,2021-10-03 00:00:00UTC,1002728,477
168,2021-10-03 00:00:00UTC,1002729,367
169,2021-10-03 00:00:00UTC,1002730,237
170,2021-10-03 00:00:00UTC,1002731,179
171,2021-10-03 00:00:00UTC,1002732,430
172,2021-10-03 00:00:00UTC,1002733,374
173,2021-10-03 00:00:00UTC,1002734,230
174,2021-10-03 00:00:00UTC,1002735,410
175,2021-10-03 00:00:00UTC,1002736,124
176,2021-10-03 00:00:00UTC,1002737,483
177,2021-10-03 00:00:00UTC,1002738,239
178,2021-10-03 00:00:00UTC,1002739,133
179,2021-10-03 00:00:00UTC,1002740,282
180,2021-10-03 00:00:00UTC,1002741,380
181,2021-10-04 00:00:00UTC,1002742,251
182,2021-10-04 00:00:00UTC,1002743,165
183,2021-10-04 00:00:00UTC,1002744,329
184,2021-10-04 00:00:00UTC,1002745,103
185,2021-10-04 00:00:00UTC,1002746,436
186,2021-10-04 00:00:00UTC,1002747,82
187,2021-10-04 00:00:00UTC,1002748,367
188,2021-10-04 00:00:00UTC,1002749,444
189,2021-10-04 00:00:00UTC,1002750,481
190,2021-10-04 00:00:00UTC,1002751,289
191,2021-10-04 00:00:00UTC,1002752,143
192,2021-10-04 00:00:00UTC,1002753,295
193,2021-10-04 00:00:00UTC,1002754,385
194,2021-10-04 00:00:00UTC,1002755,329
195,2021-10-04 00:00:00UTC,1002756,249
196,2021-10-04 00:00:00UTC,1002757,451
197,2021-10-04 00:00:00UTC,1002758,306
198,2021-10-04 00:00:00UTC,1002759,84
199,2021-10-04 00:00:00UTC,1002760,449
200,2021-10-04 00:00:00UTC,1002761,393
201,2021-10-04 00:00:00UTC,1002762,246
202,2021-10-04 00:00:00UTC,1002763,216
203,2021-10-04 00:00:00UTC,1002764,111
204,2021-10-04 00:00:00UTC,1002765,270
205,2021-10-04 00:00:00UTC,1002766,493
206,2021-10-04 00:00:00UTC,1002767,475
207,2021-10-04 00:00:00UTC,1002768,307
208,2021-10-04 00:00:00UTC,1002769,269
209,2021-10-04 00:00:00UTC,1002770,156
210,2021-10-04 00:00:00UTC,1002771,494
211,2021-10-04 00:00:00UTC,1002772,231
212,2021-10-04 00:00:00UTC,1002773,408
213,2021-10-04 00:00:00UTC,1002774,491
214,2021-10-04 00:00:00UTC,1002775,281
215,2021-10-04 00:00:00UTC,1002776,499
216,2021-10-04 00:00:00UTC,1002777,493
217,2021-10-04 00:00:00UTC,1002778,92
218,2021-10-04 00:00:00UTC,1002779,429
219,2021-10-04 00:00:00UTC,1002780,212
220,2021-10-04 00:00:00UTC,1002781,240
221,2021-10-04 00:00:00UTC,1002782,316
222,2021-10-04 00:00:00UTC,1002783,289
223,2021-10-04 00:00:00UTC,1002784,429
224,2021-10-04 00:00:00UTC,1002785,124
225,2021-10-04 00:00:00UTC,1002786,95
226,2021-10-04 00:00:00UTC,1002787,377
227,2021-10-04 00:00:00UTC,1002788,358
228,2021-10-04 00:00:00UTC,1002789,149
229,2021-10-04 00:00:00UTC,1002790,415
230,2021-10-04 00:00:00UTC,1002791,274
231,2021-10-04 00:00:00UTC,1002792,445
232,2021-10-04 00:00:00UTC,1002793,185
233,2021-10-04 00:00:00UTC,1002794,145
234,2021-10-04 00:00:00UTC,1002795,134
235,2021-10-04 00:00:00UTC,1002796,320
236,2021-10-04 00:00:00UTC,1002797,432
237,2021-10-04 00:00:00UTC,1002798,174
238,2021-10-04 00:00:00UTC,1002799,428
239,2021-10-04 00:00:00UTC,1002800,297
240,2021-10-04 00:00:00UTC,1002801,191
241,2021-10-05 00:00:00UTC,1002802,99
242,2021-10-05 00:00:00UTC,1002803,272
243,2021-10-05 00:00:00UTC,1002804,245
244,2021-10-05 00:00:00UTC,1002805,276
245,2021-10-05 00:00:00UTC,1002806,456
246,2021-10-05 00:00:00UTC,1002807,349
247,2021-10-05 00:00:00UTC,1002808,350
248,2021-10-05 00:00:00UTC,1002809,368
249,2021-10-05 00:00:00UTC,1002810,376
250,2021-10-05 00:00:00UTC,1002811,179
251,2021-10-05 00:00:00UTC,1002812,296
252,2021-10-05 00:00:00UTC,1002813,207
253,2021-10-05 00:00:00UTC,1002814,168
254,2021-10-05 00:00:00UTC,1002815,110
255,2021-10-05 00:00:00UTC,1002816,331
256,2021-10-05 00:00:00UTC,1002817,285
257,2021-10-05 00:00:00UTC,1002818,267
258,2021-10-05 00:00:00UTC,1002819,257
259,2021-10-05 00:00:00UTC,1002820,486
260,2021-10-05 00:00:00UTC,1002821,340
261,2021-10-05 00:00:00UTC,1002822,438
262,2021-10-05 00:00:00UTC,1002823,95
263,2021-10-05 00:00:00UTC,1002824,252
264,2021-10-05 00:00:00UTC,1002825,448
265,2021-10-05 00:00:00UTC,1002826,182
266,2021-10-05 00:00:00UTC,1002827,253
267,2021-10-05 00:00:00UTC,1002828,456
268,2021-10-05 00:00:00UTC,1002829,198
269,2021-10-05 00:00:00UTC,1002830,497
270,2021-10-05 00:00:00UTC,1002831,52
271,2021-10-05 00:00:00UTC,1002832,108
272,2021-10-05 00:00:00UTC,1002833,372
273,2021-10-05 00:00:00UTC,1002834,108
274,2021-10-05 00:00:00UTC,1002835,96
275,2021-10-05 00:00:00UTC,1002836,343
276,2021-10-05 00:00:00UTC,1002837,153
277,2021-10-05 00:00:00UTC,1002838,362
278,2021-10-05 00:00:00UTC,1002839,301
279,2021-10-05 00:00:00UTC,1002840,246
280,2021-10-05 00:00:00UTC,1002841,363
281,2021-10-05 00:00:00UTC,1002842,450
282,2021-10-05 00:00:00UTC,1002843,131
283,2021-10-05 00:00:00UTC,1002844,246
284,2021-10-05 00:00:00UTC,1002845,494
285,2021-10-05 00:00:00UTC,1002846,166
286,2021-10-05 00:00:00UTC,1002847,62
287,2021-10-05 00:00:00UTC,1002848,183
288,2021-10-05 00:00:00UTC,1002849,386
289,2021-10-05 00:00:00UTC,1002850,360
290,2021-10-05 00:00:00UTC,1002851,492
291,2021-10-05 00:00:00UTC,1002852,334
292,2021-10-05 00:00:00UTC,1002853,150
293,2021-10-05 00:00:00UTC,1002854,164
294,2021-10-05 00:00:00UTC,1002855,386
295,2021-10-05 00:00:00UTC,1002856,162
296,2021-10-05 00:00:00UTC,1002857,338
297,2021-10-05 00:00:00UTC,1002858,482
298,2021-10-05 00:00:00UTC,1002859,483
299,2021-10-05 00:00:00UTC,1002860,91
300,2021-10-05 00:00:00UTC,1002861,482
301,2021-10-06 00:00:00UTC,1002862,259
302,2021-10-06 00:00:00UTC,1002863,277
303,2021-10-06 00:00:00UTC,1002864,241
304,2021-10-06 00:00:00UTC,1002865,372
305,2021-10-06 00:00:00UTC,1002866,74
306,2021-10-06 00:00:00UTC,1002867,397
307,2021-10-06 00:00:00UTC,1002868,132
308,2021-10-06 00:00:00UTC,1002869,288
309,2021-10-06 00:00:00UTC,1002870,341
310,2021-10-06 00:00:00UTC,1002871,274
311,2021-10-06 00:00:00UTC,1002872,463
312,2021-10-06 00:00:00UTC,1002873,300
313,2021-10-06 00:00:00UTC,1002874,500
314,2021-10-06 00:00:00UTC,1002875,61
315,2021-10-06 00:00:00UTC,1002876,154
316,2021-10-06 00:00:00UTC,1002877,227
317,2021-10-06 00:00:00UTC,1002878,142
318,2021-10-06 00:00:00UTC,1002879,336
319,2021-10-06 00:00:00UTC,1002880,140
320,2021-10-06 00:00:00UTC,1002881,402
321,2021-10-06 00:00:00UTC,1002882,371
322,2021-10-06 00:00:00UTC,1002883,271
323,2021-10-06 00:00:00UTC,1002884,377
324,2021-10-06 00:00:00UTC,1002885,473
325,2021-10-06 00:00:00UTC,1002886,348
326,2021-10-06 00:00:00UTC,1002887,65
327,2021-10-06 00:00:00UTC,1002888,87
328,2021-10-06 00:00:00UTC,1002889,212
329,2021-10-06 00:00:00UTC,1002890,296
330,2021-10-06 00:00:00UTC,1002891,217
331,2021-10-06 00:00:00UTC,1002892,248
332,2021-10-06 00:00:00UTC,1002893,311
333,2021-10-06 00:00:00UTC,1002894,69
334,2021-10-06 00:00:00UTC,1002895,327
335,2021-10-06 00:00:00UTC,1002896,490
336,2021-10-06 00:00:00UTC,1002897,170
337,2021-10-06 00:00:00UTC,1002898,177
338,2021-10-06 00:00:00UTC,1002899,216
339,2021-10-06 00:00:00UTC,1002900,131
340,2021-10-06 00:00:00UTC,1002901,241
341,2021-10-06 00:00:00UTC,1002902,218
342,2021-10-06 00:00:00UTC,1002903,159
343,2021-10-06 00:00:00UTC,1002904,384
344,2021-10-06 00:00:00UTC,1002905,109
345,2021-10-06 00:00:00UTC,1002906,424
346,2021-10-06 00:00:00UTC,1002907,492
347,2021-10-06 00:00:00UTC,1002908,179
348,2021-10-06 00:00:00UTC,1002909,226
349,2021-10-06 00:00:00UTC,1002910,159
350,2021-10-06 00:00:00UTC,1002911,282
351,2021-10-06 00:00:00UTC,1002912,498
352,2021-10-06 00:00:00UTC,1002913,94
353,2021-10-06 00:00:00UTC,1002914,455
354,2021-10-06 00:00:00UTC,1002915,314
355,2021-10-06 00:00:00UTC,1002916,140
356,2021-10-06 00:00:00UTC,1002917,62
357,2021-10-06 00:00:00UTC,1002918,337
358,2021-10-06 00:00:00UTC,1002919,133
359,2021-10-06 00:00:00UTC,1002920,77
360,2021-10-06 00:00:00UTC,1002921,127
361,2021-10-07 00:00:00UTC,1002922,299
362,2021-10-07 00:00:00UTC,1002923,361
363,2021-10-07 00:00:00UTC,1002924,434
364,2021-10-07 00:00:00UTC,1002925,418
365,2021-10-07 00:00:00UTC,1002926,89
366,2021-10-07 00:00:00UTC,1002927,435
367,2021-10-07 00:00:00UTC,1002928,275
368,2021-10-07 00:00:00UTC,1002929,188
369,2021-10-07 00:00:00UTC,1002930,419
370,2021-10-07 00:00:00UTC,1002931,252
371,2021-10-07 00:00:00UTC,1002932,139
372,2021-10-07 00:00:00UTC,1002933,220
373,2021-10-07 00:00:00UTC,1002934,454
374,2021-10-07 00:00:00UTC,1002935,397
375,2021-10-07 00:00:00UTC,1002936,402
376,2021-10-07 00:00:00UTC,1002937,122
377,2021-10-07 00:00:00UTC,1002938,99
378,2021-10-07 00:00:00UTC,1002939,360
379,2021-10-07 00:00:00UTC,1002940,300
380,2021-10-07 00:00:00UTC,1002941,86
381,2021-10-07 00:00:00UTC,1002942,462
382,2021-10-07 00:00:00UTC,1002943,162
383,2021-10-07 00:00:00UTC,1002944,250
384,2021-10-07 00:00:00UTC,1002945,333
385,2021-10-07 00:00:00UTC,1002946,181
386,2021-10-07 00:00:00UTC,1002947,390
387,2021-10-07 00:00:00UTC,1002948,305
388,2021-10-07 00:00:00UTC,1002949,214
389,2021-10-07 00:00:00UTC,1002950,181
390,2021-10-07 00:00:00UTC,1002951,61
391,2021-10-07 00:00:00UTC,1002952,209
392,2021-10-07 00:00:00UTC,1002953,409
393,2021-10-07 00:00:00UTC,1002954,69
394,2021-10-07 00:00:00UTC,1002955,485
395,2021-10-07 00:00:00UTC,1002956,334
396,2021-10-07 00:00:00UTC,1002957,99
397,2021-10-07 00:00:00UTC,1002958,402
398,2021-10-07 00:00:00UTC,1002959,112
399,2021-10-07 00:00:00UTC,1002960,385
400,2021-10-07 00:00:00UTC,1002961,148
401,2021-10-07 00:00:00UTC,1002962,190
402,2021-10-07 00:00:00UTC,1002963,332
403,2021-10-07 00:00:00UTC,1002964,176
404,2021-10-07 00:00:00UTC,1002965,168
405,2021-10-07 00:00:00UTC,1002966,158
406,2021-10-07 00:00:00UTC,1002967,182
407,2021-10-07 00:00:00UTC,1002968,72
408,2021-10-07 00:00:00UTC,1002969,56
409,2021-10-07 00:00:00UTC,1002970,114
410,2021-10-07 00:00:00UTC,1002971,81
411,2021-10-07 00:00:00UTC,1002972,417
412,2021-10-07 00:00:00UTC,1002973,68
413,2021-10-07 00:00:00UTC,1002974,209
414,2021-10-07 00:00:00UTC,1002975,113
415,2021-10-07 00:00:00UTC,1002976,462
416,2021-10-07 00:00:00UTC,1002977,162
417,2021-10-07 00:00:00UTC,1002978,387
418,2021-10-07 00:00:00UTC,1002979,315
419,2021-10-07 00:00:00UTC,1002980,210
420,2021-10-07 00:00:00UTC,1002981,382
421,2021-10-08 00:00:00UTC,1002982,233
422,2021-10-08 00:00:00UTC,1002983,79
423,2021-10-08 00:00:00UTC,1002984,398
424,2021-10-08 00:00:00UTC,1002985,256
425,2021-10-08 00:00:00UTC,1002986,81
426,2021-10-08 00:00:00UTC,1002987,495
427,2021-10-08 00:00:00UTC,1002988,122
428,2021-10-08 00:00:00UTC,1002989,486
429,2021-10-08 00:00:00UTC,1002990,488
430,2021-10-08 00:00:00UTC,1002991,456
431,2021-10-08 00:00:00UTC,1002992,287
432,2021-10-08 00:00:00UTC,1002993,263
433,2021-10-08 00:00:00UTC,1002994,456
434,2021-10-08 00:00:00UTC,1002995,195
435,2021-10-08 00:00:00UTC,1002996,202
436,2021-10-08 00:00:00UTC,1002997,480
437,2021-10-08 00:00:00UTC,1002998,239
438,2021-10-08 00:00:00UTC,1002999,312
439,2021-10-08 00:00:00UTC,1003000,74
440,2021-10-08 00:00:00UTC,1003001,109
441,2021-10-08 00:00:00UTC,1003002,394
442,2021-10-08 00:00:00UTC,1003003,431
443,2021-10-08 00:00:00UTC,1003004,211
444,2021-10-08 00:00:00UTC,1003005,138
445,2021-10-08 00:00:00UTC,1003006,144
446,2021-10-08 00:00:00UTC,1003007,328
447,2021-10-08 00:00:00UTC,1003008,497
448,2021-10-08 00:00:00UTC,1003009,377
449,2021-10-08 00:00:00UTC,1003010,280
450,2021-10-08 00:00:00UTC,1003011,156
451,2021-10-08 00:00:00UTC,1003012,268
452,2021-10-08 00:00:00UTC,1003013,416
453,2021-10-08 00:00:00UTC,1003014,147
454,2021-10-08 00:00:00UTC,1003015,450
455,2021-10-08 00:00:00UTC,1003016,419
456,2021-10-08 00:00:00UTC,1003017,290
457,2021-10-08 00:00:00UTC,1003018,109
458,2021-10-08 00:00:00UTC,1003019,279
459,2021-10-08 00:00:00UTC,1003020,96
460,2021-10-08 00:00:00UTC,1003021,421
461,2021-10-08 00:00:00UTC,1003022,143
462,2021-10-08 00:00:00UTC,1003023,165
463,2021-10-08 00:00:00UTC,1003024,214
464,2021-10-08 00:00:00UTC,1003025,168
465,2021-10-08 00:00:00UTC,1003026,360
466,2021-10-08 00:00:00UTC,1003027,326
467,2021-10-08 00:00:00UTC,1003028,301
468,2021-10-08 00:00:00UTC,1003029,81
469,2021-10-08 00:00:00UTC,1003030,289
470,2021-10-08 00:00:00UTC,1003031,67
471,2021-10-08 00:00:00UTC,1003032,491
472,2021-10-08 00:00:00UTC,1003033,483
473,2021-10-08 00:00:00UTC,1003034,58
474,2021-10-08 00:00:00UTC,1003035,144
475,2021-10-08 00:00:00UTC,1003036,303
476,2021-10-08 00:00:00UTC,1003037,486
477,2021-10-08 00:00:00UTC,1003038,255
478,2021-10-08 00:00:00UTC,1003039,205
479,2021-10-08 00:00:00UTC,1003040,177
480,2021-10-08 00:00:00UTC,1003041,226
481,2021-10-09 00:00:00UTC,1003042,72
482,2021-10-09 00:00:00UTC,1003043,399
483,2021-10-09 00:00:00UTC,1003044,434
484,2021-10-09 00:00:00UTC,1003045,72
485,2021-10-09 00:00:00UTC,1003046,354
486,2021-10-09 00:00:00UTC,1003047,306
487,2021-10-09 00:00:00UTC,1003048,453
488,2021-10-09 00:00:00UTC,1003049,183
489,2021-10-09 00:00:00UTC,1003050,439
490,2021-10-09 00:00:00UTC,1003051,231
491,2021-10-09 00:00:00UTC,1003052,156
492,2021-10-09 00:00:00UTC,1003053,80
493,2021-10-09 00:00:00UTC,1003054,167
494,2021-10-09 00:00:00UTC,1003055,410
495,2021-10-09 00:00:00UTC,1003056,74
496,2021-10-09 00:00:00UTC,1003057,144
497,2021-10-09 00:00:00UTC,1003058,380
498,2021-10-09 00:00:00UTC,1003059,138
499,2021-10-09 00:00:00UTC,1003060,284
500,2021-10-09 00:00:00UTC,1003061,395
501,2021-10-09 00:00:00UTC,1003062,233
502,2021-10-09 00:00:00UTC,1003063,353
503,2021-10-09 00:00:00UTC,1003064,476
504,2021-10-09 00:00:00UTC,1003065,101
505,2021-10-09 00:00:00UTC,1003066,252
506,2021-10-09 00:00:00UTC,1003067,447
507,2021-10-09 00:00:00UTC,1003068,144
508,2021-10-09 00:00:00UTC,1003069,461
509,2021-10-09 00:00:00UTC,1003070,166
510,2021-10-09 00:00:00UTC,1003071,468
511,2021-10-09 00:00:00UTC,1003072,100
512,2021-10-09 00:00:00UTC,1003073,426
513,2021-10-09 00:00:00UTC,1003074,439
514,2021-10-09 00:00:00UTC,1003075,144
515,2021-10-09 00:00:00UTC,1003076,178
516,2021-10-09 00:00:00UTC,1003077,295
517,2021-10-09 00:00:00UTC,1003078,484
518,2021-10-09 00:00:00UTC,1003079,52
519,2021-10-09 00:00:00UTC,1003080,253
520,2021-10-09 00:00:00UTC,1003081,115
521,2021-10-09 00:00:00UTC,1003082,174
522,2021-10-09 00:00:00UTC,1003083,495
523,2021-10-09 00:00:00UTC,1003084,121
524,2021-10-09 00:00:00UTC,1003085,243
525,2021-10-09 00:00:00UTC,1003086,182
526,2021-10-09 00:00:00UTC,1003087,132
527,2021-10-09 00:00:00UTC,1003088,456
528,2021-10-09 00:00:00UTC,1003089,279
529,2021-10-09 00:00:00UTC,1003090,324
530,2021-10-09 00:00:00UTC,1003091,307
531,2021-10-09 00:00:00UTC,1003092,496
532,2021-10-09 00:00:00UTC,1003093,74
533,2021-10-09 00:00:00UTC,1003094,254
534,2021-10-09 00:00:00UTC,1003095,122
535,2021-10-09 00:00:00UTC,1003096,256
536,2021-10-09 00:00:00UTC,1003097,122
537,2021-10-09 00:00:00UTC,1003098,408
538,2021-10-09 00:00:00UTC,1003099,296
539,2021-10-09 00:00:00UTC,1003100,272
540,2021-10-09 00:00:00UTC,1003101,391
541,2021-10-10 00:00:00UTC,1003102,92
542,2021-10-10 00:00:00UTC,1003103,407
543,2021-10-10 00:00:00UTC,1003104,242
544,2021-10-10 00:00:00UTC,1003105,225
545,2021-10-10 00:00:00UTC,1003106,401
546,2021-10-10 00:00:00UTC,1003107,366
547,2021-10-10 00:00:00UTC,1003108,320
548,2021-10-10 00:00:00UTC,1003109,151
549,2021-10-10 00:00:00UTC,1003110,59
550,2021-10-10 00:00:00UTC,1003111,130
551,2021-10-10 00:00:00UTC,1003112,154
552,2021-10-10 00:00:00UTC,1003113,279
553,2021-10-10 00:00:00UTC,1003114,56
554,2021-10-10 00:00:00UTC,1003115,218
555,2021-10-10 00:00:00UTC,1003116,249
556,2021-10-10 00:00:00UTC,1003117,477
557,2021-10-10 00:00:00UTC,1003118,293
558,2021-10-10 00:00:00UTC,1003119,448
559,2021-10-10 00:00:00UTC,1003120,339
560,2021-10-10 00:00:00UTC,1003121,214
561,2021-10-10 00:00:00UTC,1003122,372
562,2021-10-10 00:00:00UTC,1003123,198
563,2021-10-10 00:00:00UTC,1003124,198
564,2021-10-10 00:00:00UTC,1003125,437
565,2021-10-10 00:00:00UTC,1003126,456
566,2021-10-10 00:00:00UTC,1003127,348
567,2021-10-10 00:00:00UTC,1003128,137
568,2021-10-10 00:00:00UTC,1003129,143
569,2021-10-10 00:00:00UTC,1003130,190
570,2021-10-10 00:00:00UTC,1003131,275
571,2021-10-10 00:00:00UTC,1003132,129
572,2021-10-10 00:00:00UTC,1003133,333
573,2021-10-10 00:00:00UTC,1003134,72
574,2021-10-10 00:00:00UTC,1003135,335
575,2021-10-10 00:00:00UTC,1003136,196
576,2021-10-10 00:00:00UTC,1003137,229
577,2021-10-10 00:00:00UTC,1003138,421
578,2021-10-10 00:00:00UTC,1003139,334
579,2021-10-10 00:00:00UTC,1003140,285
580,2021-10-10 00:00:00UTC,1003141,381
581,2021-10-10 00:00:00UTC,1003142,223
582,2021-10-10 00:00:00UTC,1003143,74
583,2021-10-10 00:00:00UTC,1003144,112
584,2021-10-10 00:00:00UTC,1003145,435
585,2021-10-10 00:00:00UTC,1003146,380
586,2021-10-10 00:00:00UTC,1003147,158
587,2021-10-10 00:00:00UTC,1003148,328
588,2021-10-10 00:00:00UTC,1003149,232
589,2021-10-10 00:00:00UTC,1003150,257
590,2021-10-10 00:00:00UTC,1003151,414
591,2021-10-10 00:00:00UTC,1003152,148
592,2021-10-10 00:00:00UTC,1003153,168
593,2021-10-10 00:00:00UTC,1003154,253
594,2021-10-10 00:00:00UTC,1003155,219
595,2021-10-10 00:00:00UTC,1003156,222
596,2021-10-10 00:00:00UTC,1003157,460
597,2021-10-10 00:00:00UTC,1003158,256
598,2021-10-10 00:00:00UTC,1003159,449
599,2021-10-10 00:00:00UTC,1003160,348
600,2021-10-10 00:00:00UTC,1003161,487
601,2021-10-11 00:00:00UTC,1003162,380
602,2021-10-11 00:00:00UTC,1003163,492
603,2021-10-11 00:00:00UTC,1003164,471
604,2021-10-11 00:00:00UTC,1003165,144
605,2021-10-11 00:00:00UTC,1003166,373
606,2021-10-11 00:00:00UTC,1003167,244
607,2021-10-11 00:00:00UTC,1003168,245
608,2021-10-11 00:00:00UTC,1003169,288
609,2021-10-11 00:00:00UTC,1003170,189
610,2021-10-11 00:00:00UTC,1003171,434
611,2021-10-11 00:00:00UTC,1003172,83
612,2021-10-11 00:00:00UTC,1003173,364
613,2021-10-11 00:00:00UTC,1003174,196
614,2021-10-11 00:00:00UTC,1003175,235
615,2021-10-11 00:00:00UTC,1003176,188
616,2021-10-11 00:00:00UTC,1003177,125
617,2021-10-11 00:00:00UTC,1003178,425
618,2021-10-11 00:00:00UTC,1003179,415
619,2021-10-11 00:00:00UTC,1003180,477
620,2021-10-11 00:00:00UTC,1003181,134
621,2021-10-11 00:00:00UTC,1003182,269
622,2021-10-11 00:00:00UTC,1003183,491
623,2021-10-11 00:00:00UTC,1003184,412
624,2021-10-11 00:00:00UTC,1003185,111
625,2021-10-11 00:00:00UTC,1003186,278
626,2021-10-11 00:00:00UTC,1003187,350
627,2021-10-11 00:00:00UTC,1003188,108
628,2021-10-11 00:00:00UTC,1003189,158
629,2021-10-11 00:00:00UTC,1003190,60
630,2021-10-11 00:00:00UTC,1003191,83
631,2021-10-11 00:00:00UTC,1003192,338
632,2021-10-11 00:00:00UTC,1003193,73
633,2021-10-11 00:00:00UTC,1003194,141
634,2021-10-11 00:00:00UTC,1003195,334
635,2021-10-11 00:00:00UTC,1003196,396
636,2021-10-11 00:00:00UTC,1003197,255
637,2021-10-11 00:00:00UTC,1003198,433
638,2021-10-11 00:00:00UTC,1003199,292
639,2021-10-11 00:00:00UTC,1003200,493
640,2021-10-11 00:00:00UTC,1003201,495
641,2021-10-11 00:00:00UTC,1003202,259
642,2021-10-11 00:00:00UTC,1003203,326
643,2021-10-11 00:00:00UTC,1003204,250
644,2021-10-11 00:00:00UTC,1003205,368
645,2021-10-11 00:00:00UTC,1003206,185
646,2021-10-11 00:00:00UTC,1003207,377
647,2021-10-11 00:00:00UTC,1003208,80
648,2021-10-11 00:00:00UTC,1003209,134
649,2021-10-11 00:00:00UTC,1003210,102
650,2021-10-11 00:00:00UTC,1003211,473
651,2021-10-11 00:00:00UTC,1003212,332
652,2021-10-11 00:00:00UTC,1003213,78
653,2021-10-11 00:00:00UTC,1003214,161
654,2021-10-11 00:00:00UTC,1003215,189
655,2021-10-11 00:00:00UTC,1003216,178
656,2021-10-11 00:00:00UTC,1003217,154
657,2021-10-11 00:00:00UTC,1003218,160
658,2021-10-11 00:00:00UTC,1003219,445
659,2021-10-11 00:00:00UTC,1003220,146
660,2021-10-11 00:00:00UTC,1003221,478
661,2021-10-12 00:00:00UTC,1003222,249
662,2021-10-12 00:00:00UTC,1003223,494
663,2021-10-12 00:00:00UTC,1003224,395
664,2021-10-12 00:00:00UTC,1003225,334
665,2021-10-12 00:00:00UTC,1003226,211
666,2021-10-12 00:00:00UTC,1003227,475
667,2021-10-12 00:00:00UTC,1003228,176
668,2021-10-12 00:00:00UTC,1003229,475
669,2021-10-12 00:00:00UTC,1003230,340
670,2021-10-12 00:00:00UTC,1003231,456
671,2021-10-12 00:00:00UTC,1003232,53
672,2021-10-12 00:00:00UTC,1003233,203
673,2021-10-12 00:00:00UTC,1003234,438
674,2021-10-12 00:00:00UTC,1003235,312
675,2021-10-12 00:00:00UTC,1003236,73
676,2021-10-12 00:00:00UTC,1003237,496
677,2021-10-12 00:00:00UTC,1003238,88
678,2021-10-12 00:00:00UTC,1003239,65
679,2021-10-12 00:00:00UTC,1003240,180
680,2021-10-12 00:00:00UTC,1003241,332
681,2021-10-12 00:00:00UTC,1003242,185
682,2021-10-12 00:00:00UTC,1003243,404
683,2021-10-12 00:00:00UTC,1003244,197
684,2021-10-12 00:00:00UTC,1003245,161
685,2021-10-12 00:00:00UTC,1003246,500
686,2021-10-12 00:00:00UTC,1003247,96
687,2021-10-12 00:00:00UTC,1003248,230
688,2021-10-12 00:00:00UTC,1003249,137
689,2021-10-12 00:00:00UTC,1003250,164
690,2021-10-12 00:00:00UTC,1003251,327
691,2021-10-12 00:00:00UTC,1003252,397
692,2021-10-12 00:00:00UTC,1003253,127
693,2021-10-12 00:00:00UTC,1003254,245
694,2021-10-12 00:00:00UTC,1003255,256
695,2021-10-12 00:00:00UTC,1003256,172
696,2021-10-12 00:00:00UTC,1003257,182
697,2021-10-12 00:00:00UTC,1003258,80
698,2021-10-12 00:00:00UTC,1003259,359
699,2021-10-12 00:00:00UTC,1003260,360
700,2021-10-12 00:00:00UTC,1003261,333
701,2021-10-12 00:00:00UTC,1003262,311
702,2021-10-12 00:00:00UTC,1003263,211
703,2021-10-12 00:00:00UTC,1003264,69
704,2021-10-12 00:00:00UTC,1003265,130
705,2021-10-12 00:00:00UTC,1003266,198
706,2021-10-12 00:00:00UTC,1003267,259
707,2021-10-12 00:00:00UTC,1003268,120
708,2021-10-12 00:00:00UTC,1003269,162
709,2021-10-12 00:00:00UTC,1003270,209
710,2021-10-12 00:00:00UTC,1003271,103
711,2021-10-12 00:00:00UTC,1003272,60
712,2021-10-12 00:00:00UTC,1003273,386
713,2021-10-12 00:00:00UTC,1003274,385
714,2021-10-12 00:00:00UTC,1003275,291
715,2021-10-12 00:00:00UTC,1003276,481
716,2021-10-12 00:00:00UTC,1003277,240
717,2021-10-12 00:00:00UTC,1003278,313
718,2021-10-12 00:00:00UTC,1003279,325
719,2021-10-12 00:00:00UTC,1003280,451
720,2021-10-12 00:00:00UTC,1003281,246
721,2021-10-13 00:00:00UTC,1003282,483
722,2021-10-13 00:00:00UTC,1003283,414
723,2021-10-13 00:00:00UTC,1003284,237
724,2021-10-13 00:00:00UTC,1003285,303
725,2021-10-13 00:00:00UTC,1003286,307
726,2021-10-13 00:00:00UTC,1003287,55
727,2021-10-13 00:00:00UTC,1003288,164
728,2021-10-13 00:00:00UTC,1003289,138
729,2021-10-13 00:00:00UTC,1003290,136
730,2021-10-13 00:00:00UTC,1003291,419
731,2021-10-13 00:00:00UTC,1003292,78
732,2021-10-13 00:00:00UTC,1003293,158
733,2021-10-13 00:00:00UTC,1003294,391
734,2021-10-13 00:00:00UTC,1003295,478
735,2021-10-13 00:00:00UTC,1003296,103
736,2021-10-13 00:00:00UTC,1003297,198
737,2021-10-13 00:00:00UTC,1003298,207
738,2021-10-13 00:00:00UTC,1003299,442
739,2021-10-13 00:00:00UTC,1003300,268
740,2021-10-13 00:00:00UTC,1003301,143
741,2021-10-13 00:00:00UTC,1003302,299
742,2021-10-13 00:00:00UTC,1003303,393
743,2021-10-13 00:00:00UTC,1003304,200
744,2021-10-13 00:00:00UTC,1003305,345
745,2021-10-13 00:00:00UTC,1003306,254
746,2021-10-13 00:00:00UTC,1003307,258
747,2021-10-13 00:00:00UTC,1003308,498
748,2021-10-13 00:00:00UTC,1003309,419
749,2021-10-13 00:00:00UTC,1003310,59
750,2021-10-13 00:00:00UTC,1003311,494
751,2021-10-13 00:00:00UTC,1003312,84
752,2021-10-13 00:00:00UTC,1003313,297
753,2021-10-13 00:00:00UTC,1003314,418
754,2021-10-13 00:00:00UTC,1003315,360
755,2021-10-13 00:00:00UTC,1003316,173
756,2021-10-13 00:00:00UTC,1003317,373
757,2021-10-13 00:00:00UTC,1003318,437
758,2021-10-13 00:00:00UTC,1003319,305
759,2021-10-13 00:00:00UTC,1003320,145
760,2021-10-13 00:00:00UTC,1003321,192
761,2021-10-13 00:00:00UTC,1003322,454
762,2021-10-13 00:00:00UTC,1003323,132
763,2021-10-13 00:00:00UTC,1003324,408
764,2021-10-13 00:00:00UTC,1003325,349
765,2021-10-13 00:00:00UTC,1003326,69
766,2021-10-13 00:00:00UTC,1003327,230
767,2021-10-13 00:00:00UTC,1003328,413
768,2021-10-13 00:00:00UTC,1003329,483
769,2021-10-13 00:00:00UTC,1003330,381
770,2021-10-13 00:00:00UTC,1003331,343
771,2021-10-13 00:00:00UTC,1003332,432
772,2021-10-13 00:00:00UTC,1003333,150
773,2021-10-13 00:00:00UTC,1003334,343
774,2021-10-13 00:00:00UTC,1003335,149
775,2021-10-13 00:00:00UTC,1003336,127
776,2021-10-13 00:00:00UTC,1003337,380
777,2021-10-13 00:00:00UTC,1003338,327
778,2021-10-13 00:00:00UTC,1003339,417
779,2021-10-13 00:00:00UTC,1003340,169
780,2021-10-13 00:00:00UTC,1003341,291
781,2021-10-14 00:00:00UTC,1003342,113
782,2021-10-14 00:00:00UTC,1003343,132
783,2021-10-14 00:00:00UTC,1003344,60
784,2021-10-14 00:00:00UTC,1003345,163
785,2021-10-14 00:00:00UTC,1003346,254
786,2021-10-14 00:00:00UTC,1003347,329
787,2021-10-14 00:00:00UTC,1003348,363
788,2021-10-14 00:00:00UTC,1003349,317
789,2021-10-14 00:00:00UTC,1003350,228
790,2021-10-14 00:00:00UTC,1003351,297
791,2021-10-14 00:00:00UTC,1003352,387
792,2021-10-14 00:00:00UTC,1003353,447
793,2021-10-14 00:00:00UTC,1003354,294
794,2021-10-14 00:00:00UTC,1003355,205
795,2021-10-14 00:00:00UTC,1003356,269
796,2021-10-14 00:00:00UTC,1003357,397
797,2021-10-14 00:00:00UTC,1003358,188
798,2021-10-14 00:00:00UTC,1003359,378
799,2021-10-14 00:00:00UTC,1003360,122
800,2021-10-14 00:00:00UTC,1003361,428
801,2021-10-14 00:00:00UTC,1003362,400
802,2021-10-14 00:00:00UTC,1003363,412
803,2021-10-14 00:00:00UTC,1003364,379
804,2021-10-14 00:00:00UTC,1003365,348
805,2021-10-14 00:00:00UTC,1003366,399
806,2021-10-14 00:00:00UTC,1003367,491
807,2021-10-14 00:00:00UTC,1003368,185
808,2021-10-14 00:00:00UTC,1003369,280
809,2021-10-14 00:00:00UTC,1003370,470
810,2021-10-14 00:00:00UTC,1003371,381
811,2021-10-14 00:00:00UTC,1003372,81
812,2021-10-14 00:00:00UTC,1003373,404
813,2021-10-14 00:00:00UTC,1003374,291
814,2021-10-14 00:00:00UTC,1003375,269
815,2021-10-14 00:00:00UTC,1003376,490
816,2021-10-14 00:00:00UTC,1003377,436
817,2021-10-14 00:00:00UTC,1003378,114
818,2021-10-14 00:00:00UTC,1003379,260
819,2021-10-14 00:00:00UTC,1003380,268
820,2021-10-14 00:00:00UTC,1003381,384
821,2021-10-14 00:00:00UTC,1003382,426
822,2021-10-14 00:00:00UTC,1003383,145
823,2021-10-14 00:00:00UTC,1003384,81
824,2021-10-14 00:00:00UTC,1003385,474
825,2021-10-14 00:00:00UTC,1003386,451
826,2021-10-14 00:00:00UTC,1003387,254
827,2021-10-14 00:00:00UTC,1003388,462
828,2021-10-14 00:00:00UTC,1003389,157
829,2021-10-14 00:00:00UTC,1003390,167
830,2021-10-14 00:00:00UTC,1003391,68
831,2021-10-14 00:00:00UTC,1003392,216
832,2021-10-14 00:00:00UTC,1003393,392
833,2021-10-14 00:00:00UTC,1003394,472
834,2021-10-14 00:00:00UTC,1003395,313
835,2021-10-14 00:00:00UTC,1003396,461
836,2021-10-14 00:00:00UTC,1003397,143
837,2021-10-14 00:00:00UTC,1003398,253
838,2021-10-14 00:00:00UTC,1003399,78
839,2021-10-14 00:00:00UTC,1003400,424
840,2021-10-14 00:00:00UTC,1003401,371
841,2021-10-15 00:00:00UTC,1003402,239
842,2021-10-15 00:00:00UTC,1003403,192
843,2021-10-15 00:00:00UTC,1003404,297
844,2021-10-15 00:00:00UTC,1003405,221
845,2021-10-15 00:00:00UTC,1003406,207
846,2021-10-15 00:00:00UTC,1003407,355
847,2021-10-15 00:00:00UTC,1003408,475
848,2021-10-15 00:00:00UTC,1003409,288
849,2021-10-15 00:00:00UTC,1003410,379
850,2021-10-15 00:00:00UTC,1003411,325
851,2021-10-15 00:00:00UTC,1003412,345
852,2021-10-15 00:00:00UTC,1003413,271
853,2021-10-15 00:00:00UTC,1003414,320
854,2021-10-15 00:00:00UTC,1003415,99
855,2021-10-15 00:00:00UTC,1003416,231
856,2021-10-15 00:00:00UTC,1003417,175
857,2021-10-15 00:00:00UTC,1003418,85
858,2021-10-15 00:00:00UTC,1003419,237
859,2021-10-15 00:00:00UTC,1003420,408
860,2021-10-15 00:00:00UTC,1003421,347
861,2021-10-15 00:00:00UTC,1003422,218
862,2021-10-15 00:00:00UTC,1003423,71
863,2021-10-15 00:00:00UTC,1003424,444
864,2021-10-15 00:00:00UTC,1003425,145
865,2021-10-15 00:00:00UTC,1003426,360
866,2021-10-15 00:00:00UTC,1003427,169
867,2021-10-15 00:00:00UTC,1003428,409
868,2021-10-15 00:00:00UTC,1003429,367
869,2021-10-15 00:00:00UTC,1003430,469
870,2021-10-15 00:00:00UTC,1003431,489
871,2021-10-15 00:00:00UTC,1003432,469
872,2021-10-15 00:00:00UTC,1003433,473
873,2021-10-15 00:00:00UTC,1003434,214
874,2021-10-15 00:00:00UTC,1003435,423
875,2021-10-15 00:00:00UTC,1003436,54
876,2021-10-15 00:00:00UTC,1003437,162
877,2021-10-15 00:00:00UTC,1003438,68
878,2021-10-15 00:00:00UTC,1003439,109
879,2021-10-15 00:00:00UTC,1003440,395
880,2021-10-15 00:00:00UTC,1003441,378
881,2021-10-15 00:00:00UTC,1003442,485
882,2021-10-15 00:00:00UTC,1003443,300
883,2021-10-15 00:00:00UTC,1003444,291
884,2021-10-15 00:00:00UTC,1003445,417
885,2021-10-15 00:00:00UTC,1003446,349
886,2021-10-15 00:00:00UTC,1003447,346
887,2021-10-15 00:00:00UTC,1003448,202
888,2021-10-15 00:00:00UTC,1003449,314
889,2021-10-15 00:00:00UTC,1003450,202
890,2021-10-15 00:00:00UTC,1003451,233
891,2021-10-15 00:00:00UTC,1003452,358
892,2021-10-15 00:00:00UTC,1003453,373
893,2021-10-15 00:00:00UTC,1003454,137
894,2021-10-15 00:00:00UTC,1003455,393
895,2021-10-15 00:00:00UTC,1003456,212
896,2021-10-15 00:00:00UTC,1003457,118
897,2021-10-15 00:00:00UTC,1003458,245
898,2021-10-15 00:00:00UTC,1003459,262
899,2021-10-15 00:00:00UTC,1003460,325
900,2021-10-15 00:00:00UTC,1003461,164
