date_date,orders_id,pdt_id,revenue,quantity
2023-01-01,100001,1030,128.24,4
2023-01-01,100002,1019,41.63,1
2023-01-01,100002,1007,114.73,2
2023-01-01,100002,1023,24.41,1
2023-01-01,100003,1021,137.97,3
2023-01-01,100003,1027,25.93,3
2023-01-01,100003,1012,32.31,1
2023-01-01,100003,1006,82.6,2
2023-01-01,100004,1030,168.2,5
2023-01-01,100004,1021,159.44,3
2023-01-01,100004,1023,20.2,1
2023-01-01,100005,1003,102.36,5
2023-01-01,100005,1007,144.93,3
2023-01-01,100005,1030,142.46,4
2023-01-01,100006,1005,223.81,5
2023-01-01,100006,1008,38.23,5
2023-01-01,100006,1024,56.55,5
2023-01-01,100007,1003,16.42,1
2023-01-01,100007,1025,123.28,2
2023-01-01,100007,1002,17.92,4
2023-01-01,100007,1028,32.3,4
2023-01-01,100008,1022,44.41,1
2023-01-01,100009,1014,16.05,1
2023-01-01,100009,1006,140.27,3
2023-01-01,100009,1015,78.95,2
2023-01-01,100010,1005,89.53,2
2023-01-01,100010,1012,176.31,5
2023-01-01,100011,1099,84.46,3
2023-01-01,100012,1008,44.42,5
2023-01-01,100012,1002,4.66,1
2023-01-01,100012,1029,57.8,1
2023-01-01,100013,1018,175.66,5
2023-01-01,100013,1006,92.44,2
2023-01-01,100013,1009,56.64,2
2023-01-01,100013,1017,70.49,4
2023-01-01,100014,1004,15.87,1
2023-01-01,100014,1008,16.06,2
2023-01-01,100014,1003,15.96,1
2023-01-01,100014,1011,13.95,1
2023-01-01,100015,1009,97.1,4
2023-01-01,100015,1022,89.9,2
2023-01-01,100016,1026,79.02,4
2023-01-01,100016,1016,35.12,1
2023-01-01,100017,1022,36.44,1
2023-01-01,100018,1007,188.56,4
2023-01-01,100018,1018,67.09,2
2023-01-01,100019,1026,22.83,1
2023-01-01,100019,1028,46.18,5
2023-01-01,100019,1018,40.65,1
2023-01-01,100019,1004,27.77,2
2023-01-01,100020,1029,57.91,1
2023-01-01,100020,1002,14.75,3
2023-01-01,100020,1006,152.78,4
2023-01-01,100020,1013,23.3,5
2023-01-02,100021,1019,209.24,5
2023-01-02,100022,1017,17.46,1
2023-01-02,100022,1030,40.73,1
2023-01-02,100022,1028,8.62,1
2023-01-02,100022,1006,79.34,2
2023-01-02,100023,1020,3.24,1
2023-01-02,100024,1008,16.45,2
2023-01-02,100024,1009,78.74,3
2023-01-02,100024,1013,3.78,1
2023-01-02,100025,1003,83.78,5
2023-01-02,100026,1029,96.87,2
2023-01-02,100027,1020,14.1,5
2023-01-02,100027,1026,102.4,5
2023-01-02,100027,1021,54.56,1
2023-01-02,100028,1024,52.2,5
2023-01-02,100029,1022,126.45,3
2023-01-02,100029,1021,162.19,3
2023-01-02,100030,1027,26.45,3
2023-01-02,100030,1009,71.55,3
2023-01-02,100030,1002,17.68,4
2023-01-02,100030,1001,158.05,4
2023-01-02,100031,1018,110.64,3
2023-01-02,100031,1002,8.52,2
2023-01-02,100032,1029,137.95,3
2023-01-03,100033,1030,84.26,2
2023-01-03,100033,1008,17.45,2
2023-01-03,100034,1026,40.53,2
2023-01-03,100034,1030,35.47,1
2023-01-03,100034,1014,15.64,1
2023-01-03,100035,1012,57.25,2
2023-01-03,100035,1010,8.95,2
2023-01-03,100035,1027,27.14,3
2023-01-03,100035,1026,62.47,3
2023-01-03,100036,1001,104.97,3
2023-01-03,100036,1004,39.84,3
2023-01-03,100036,1029,247.19,5
2023-01-03,100037,1013,20.1,5
2023-01-03,100038,1012,35.55,1
2023-01-03,100038,1014,43.89,3
2023-01-03,100039,1022,178.45,4
2023-01-03,100039,1014,62.49,5
2023-01-03,100039,1011,63.89,4
2023-01-03,100040,1020,9.67,3
2023-01-03,100040,1019,45.43,1
2023-01-03,100041,1015,195.3,5
2023-01-03,100041,1022,88.24,2
2023-01-03,100041,1007,159.61,3
2023-01-03,100042,1022,92.04,2
2023-01-03,100042,1010,7.89,2
2023-01-03,100043,1015,176.09,4
2023-01-03,100044,1016,37.51,1
2023-01-03,100044,1013,4.82,1
2023-01-03,100044,1008,14.09,2
2023-01-03,100044,1005,218.78,5
2023-01-03,100045,1015,86.01,2
2023-01-03,100046,1025,310.17,5
2023-01-03,100046,1029,246.59,5
2023-01-03,100046,1015,193.66,5
2023-01-03,100047,1009,86.25,3
2023-01-03,100047,1025,281.65,5
2023-01-03,100047,1008,14.56,2
2023-01-03,100047,1027,8.67,1
2023-01-04,100048,1005,187.41,4
2023-01-04,100048,1008,13.56,2
2023-01-04,100049,1011,13.85,1
2023-01-04,100049,1018,139.05,4
2023-01-04,100049,1015,223.71,5
2023-01-04,100049,1014,15.64,1
2023-01-04,100050,1012,101.06,3
2023-01-04,100051,1018,71.69,2
2023-01-04,100051,1024,34.32,3
2023-01-04,100051,1026,21.08,1
2023-01-04,100051,1020,14.18,4
2023-01-04,100052,1030,151.27,4
2023-01-04,100053,1005,41.0,1
2023-01-04,100053,1028,22.92,3
2023-01-04,100053,1015,112.29,3
2023-01-04,100053,1006,152.43,4
2023-01-04,100054,1016,36.04,1
2023-01-04,100055,1025,60.99,1
2023-01-04,100056,1008,32.89,4
2023-01-04,100056,1005,251.39,5
2023-01-04,100057,1006,44.34,1
2023-01-04,100057,1020,7.58,2
2023-01-04,100057,1024,11.95,1
2023-01-05,100058,1023,38.69,2
2023-01-05,100058,1007,175.83,3
2023-01-05,100058,1003,100.38,5
2023-01-05,100058,1019,262.44,5
2023-01-05,100059,1003,46.9,3
2023-01-05,100059,1017,67.26,4
2023-01-05,100059,1021,47.14,1
2023-01-05,100060,1023,125.75,5
2023-01-05,100060,1005,137.4,3
2023-01-05,100060,1014,76.41,5
2023-01-05,100060,1006,160.28,4
2023-01-05,100061,1027,7.59,1
2023-01-05,100061,1030,135.65,4
2023-01-05,100062,1011,41.19,3
2023-01-05,100062,1001,74.15,2
2023-01-05,100062,1016,95.6,3
2023-01-05,100062,1028,44.46,5
2023-01-05,100063,1003,73.2,4
2023-01-05,100063,1008,16.54,2
2023-01-05,100064,1099,69.28,3
2023-01-05,100065,1018,170.59,5
2023-01-05,100065,1017,56.96,4
2023-01-05,100065,1012,86.1,3
2023-01-05,100065,1014,26.61,2
2023-01-05,100066,1007,197.37,4
2023-01-05,100066,1024,66.82,5
2023-01-05,100067,1027,15.27,2
2023-01-05,100068,1009,27.03,1
2023-01-05,100068,1002,9.07,2
2023-01-05,100069,1016,76.51,2
2023-01-05,100069,1015,134.05,3
2023-01-05,100069,1011,53.67,4
2023-01-05,100070,1005,96.87,2
2023-01-05,100071,1004,63.84,4
2023-01-05,100071,1018,164.82,5
2023-01-05,100072,1010,14.14,3
2023-01-05,100072,1028,8.66,1
2023-01-05,100072,1019,54.92,1
2023-01-05,100072,1014,29.28,2
2023-01-06,100073,1018,61.03,2
2023-01-06,100073,1003,77.7,4
2023-01-06,100074,1023,76.56,4
2023-01-06,100074,1010,10.43,2
2023-01-06,100074,1028,43.95,5
2023-01-06,100075,1021,158.73,3
2023-01-06,100075,1005,38.29,1
2023-01-06,100076,1015,125.35,3
2023-01-06,100076,1004,46.38,3
2023-01-06,100076,1023,86.41,4
2023-01-06,100077,1020,3.04,1
2023-01-06,100077,1009,136.51,5
2023-01-06,100077,1001,44.7,1
2023-01-06,100078,1025,112.17,2
2023-01-06,100079,1019,220.94,4
2023-01-06,100079,1014,53.79,4
2023-01-06,100080,1011,56.9,4
2023-01-06,100080,1014,61.8,4
2023-01-06,100081,1009,118.22,4
2023-01-06,100081,1011,15.94,1
2023-01-06,100081,1004,76.39,5
2023-01-06,100082,1021,89.39,2
2023-01-06,100082,1015,89.04,2
2023-01-06,100082,1025,252.69,4
2023-01-06,100082,1002,15.39,4
2023-01-06,100083,1023,67.09,3
2023-01-06,100083,1006,198.62,5
2023-01-06,100084,1015,41.16,1
2023-01-07,100085,1027,36.3,5
2023-01-07,100085,1016,75.62,2
2023-01-07,100085,1008,42.02,5
2023-01-07,100085,1015,87.51,2
2023-01-07,100086,1025,215.32,4
2023-01-07,100086,1026,101.33,5
2023-01-07,100086,1028,7.82,1
2023-01-07,100087,1028,31.93,4
2023-01-07,100087,1005,238.91,5
2023-01-07,100087,1015,155.38,4
2023-01-07,100087,1018,120.1,3
2023-01-07,100088,1008,7.38,1
2023-01-07,100088,1028,35.61,4
2023-01-07,100088,1025,218.51,4
2023-01-07,100088,1014,28.16,2
2023-01-07,100089,1028,8.44,1
2023-01-07,100089,1004,52.69,4
2023-01-07,100089,1015,76.6,2
2023-01-07,100090,1026,91.25,4
2023-01-07,100090,1009,88.36,3
2023-01-07,100090,1011,73.25,5
2023-01-07,100090,1020,10.34,3
2023-01-07,100091,1020,3.05,1
2023-01-07,100092,1004,15.19,1
2023-01-07,100092,1025,190.68,3
2023-01-07,100092,1021,45.54,1
2023-01-07,100092,1023,20.63,1
2023-01-07,100093,1019,87.06,2
2023-01-07,100093,1022,234.21,5
2023-01-07,100093,1026,115.17,5
2023-01-07,100093,1006,184.08,4
2023-01-07,100094,1015,44.18,1
2023-01-07,100094,1009,119.4,4
2023-01-07,100094,1022,188.45,5
2023-01-07,100095,1021,142.44,3
2023-01-07,100095,1014,38.42,3
2023-01-07,100095,1023,97.58,4
2023-01-07,100096,1019,123.82,3
2023-01-07,100096,1010,17.2,4
2023-01-07,100096,1023,122.37,5
2023-01-07,100097,1027,16.82,2
2023-01-07,100097,1029,138.36,3
2023-01-07,100097,1010,9.57,2
2023-01-07,100097,1025,117.62,2
2023-01-07,100098,1026,104.58,5
2023-01-07,100098,1015,68.92,2
2023-01-07,100098,1002,12.36,3
2023-01-07,100099,1017,28.35,2
2023-01-07,100099,1030,168.13,4
2023-01-07,100099,1009,85.78,3
2023-01-07,100100,1005,98.19,2
2023-01-07,100101,1003,17.04,1
2023-01-07,100101,1026,21.51,1
2023-01-07,100101,1013,13.66,3
2023-01-08,100102,1030,38.31,1
2023-01-08,100102,1020,14.93,4
2023-01-08,100102,1008,24.52,3
2023-01-08,100103,1016,148.87,5
2023-01-08,100103,1004,59.4,4
2023-01-08,100103,1008,38.12,5
2023-01-08,100104,1021,233.83,5
2023-01-08,100104,1004,39.76,3
2023-01-08,100104,1027,22.32,3
2023-01-08,100104,1016,152.41,4
2023-01-08,100105,1018,93.46,3
2023-01-08,100105,1029,137.01,3
2023-01-08,100105,1021,54.71,1
2023-01-08,100106,1021,41.52,1
2023-01-08,100106,1020,9.18,3
2023-01-08,100107,1019,91.59,2
2023-01-08,100107,1007,115.23,2
2023-01-08,100108,1005,144.79,3
2023-01-08,100108,1018,37.74,1
2023-01-08,100109,1019,43.52,1
2023-01-08,100109,1011,13.48,1
2023-01-08,100110,1015,173.43,5
2023-01-08,100110,1025,258.94,5
2023-01-08,100110,1012,134.57,5
2023-01-08,100110,1017,71.92,5
2023-01-08,100111,1028,8.35,1
2023-01-08,100111,1013,15.45,4
2023-01-08,100111,1014,13.34,1
2023-01-08,100111,1022,73.01,2
2023-01-08,100112,1013,13.13,3
2023-01-08,100112,1020,16.24,5
2023-01-08,100112,1017,16.96,1
2023-01-08,100113,1011,65.09,4
2023-01-08,100113,1027,23.88,3
2023-01-08,100113,1015,113.62,3
2023-01-08,100113,1013,9.39,2
2023-01-08,100114,1003,64.41,4
2023-01-09,100115,1014,47.12,3
2023-01-09,100116,1020,3.4,1
2023-01-09,100116,1010,8.26,2
2023-01-09,100116,1012,114.56,4
2023-01-09,100117,1099,115.64,5
2023-01-09,100117,1025,250.22,4
2023-01-09,100117,1009,137.58,5
2023-01-09,100118,1001,131.34,3
2023-01-09,100118,1006,104.14,3
2023-01-09,100118,1009,54.26,2
2023-01-09,100119,1003,83.84,5
2023-01-09,100120,1010,23.76,5
2023-01-09,100120,1024,10.44,1
2023-01-09,100120,1011,65.59,5
2023-01-09,100121,1016,91.77,3
2023-01-09,100121,1020,14.64,5
2023-01-09,100121,1015,138.83,4
2023-01-09,100121,1014,70.22,5
2023-01-09,100122,1020,11.31,3
2023-01-09,100122,1002,9.4,2
2023-01-09,100122,1001,110.27,3
2023-01-09,100122,1007,52.91,1
2023-01-09,100123,1006,81.75,2
2023-01-09,100123,1005,115.38,3
2023-01-09,100123,1013,4.35,1
2023-01-09,100123,1018,162.39,4
2023-01-09,100124,1023,21.38,1
2023-01-09,100124,1021,129.89,3
2023-01-09,100124,1014,69.65,5
2023-01-09,100124,1010,12.11,3
2023-01-09,100125,1017,49.38,3
2023-01-09,100125,1003,34.86,2
2023-01-09,100125,1013,7.73,2
2023-01-09,100125,1028,8.46,1
2023-01-09,100126,1024,21.46,2
2023-01-09,100126,1027,15.07,2
2023-01-09,100126,1021,99.24,2
2023-01-09,100127,1025,223.89,4
2023-01-09,100127,1021,259.65,5
2023-01-09,100128,1028,16.45,2
2023-01-09,100128,1021,189.06,4
2023-01-09,100128,1011,49.75,3
2023-01-10,100129,1015,102.89,3
2023-01-10,100129,1002,4.5,1
2023-01-10,100129,1012,150.84,5
2023-01-10,100130,1015,206.03,5
2023-01-10,100131,1002,4.76,1
2023-01-10,100131,1015,135.54,3
2023-01-10,100132,1008,35.95,4
2023-01-10,100133,1014,60.88,5
2023-01-10,100133,1025,147.3,3
2023-01-10,100133,1011,15.48,1
2023-01-10,100133,1022,157.24,4
2023-01-10,100134,1011,79.83,5
2023-01-10,100134,1003,51.9,3
2023-01-10,100135,1020,3.13,1
2023-01-10,100135,1023,91.94,4
2023-01-10,100136,1021,192.96,4
2023-01-10,100137,1011,55.11,4
2023-01-10,100137,1025,101.28,2
2023-01-10,100138,1022,140.74,3
2023-01-11,100139,1006,223.63,5
2023-01-11,100139,1027,17.38,2
2023-01-11,100140,1015,127.24,3
2023-01-11,100140,1020,12.2,4
2023-01-11,100141,1029,289.5,5
2023-01-11,100141,1027,35.25,4
2023-01-11,100141,1007,212.0,4
2023-01-11,100141,1012,142.87,4
2023-01-11,100142,1028,8.74,1
2023-01-11,100142,1009,81.11,3
2023-01-11,100143,1010,4.99,1
2023-01-11,100144,1003,82.07,4
2023-01-11,100144,1030,35.83,1
2023-01-11,100144,1008,31.29,4
2023-01-11,100144,1027,15.72,2
2023-01-11,100145,1030,120.17,3
2023-01-11,100145,1004,26.56,2
2023-01-11,100145,1027,34.52,4
2023-01-11,100146,1020,3.07,1
2023-01-11,100146,1001,78.74,2
2023-01-11,100146,1029,254.36,5
2023-01-11,100146,1003,19.91,1
2023-01-11,100147,1014,69.58,5
2023-01-11,100147,1021,53.06,1
2023-01-11,100148,1023,64.64,3
2023-01-11,100148,1005,211.24,5
2023-01-11,100149,1017,39.87,3
2023-01-12,100150,1009,86.81,3
2023-01-12,100150,1024,32.24,3
2023-01-12,100150,1001,42.01,1
2023-01-12,100151,1012,148.65,5
2023-01-12,100152,1023,38.17,2
2023-01-12,100152,1016,115.06,4
2023-01-12,100152,1021,82.84,2
2023-01-12,100152,1006,91.37,2
2023-01-12,100153,1027,8.77,1
2023-01-12,100153,1018,67.26,2
2023-01-12,100153,1016,37.24,1
2023-01-12,100153,1009,74.26,3
2023-01-12,100154,1024,40.06,3
2023-01-12,100154,1015,166.76,4
2023-01-12,100154,1029,170.93,3
2023-01-12,100154,1013,20.62,5
2023-01-12,100155,1020,9.41,3
2023-01-12,100155,1027,7.71,1
2023-01-12,100155,1006,115.38,3
2023-01-12,100155,1018,191.82,5
2023-01-12,100156,1002,13.51,3
2023-01-12,100156,1024,43.46,4
2023-01-12,100156,1028,7.29,1
2023-01-12,100156,1030,141.01,4
2023-01-12,100157,1005,233.19,5
2023-01-12,100158,1025,162.65,3
2023-01-12,100158,1021,206.25,5
2023-01-12,100159,1012,31.98,1
2023-01-12,100159,1015,188.92,5
2023-01-12,100159,1025,177.53,3
2023-01-12,100160,1004,30.91,2
2023-01-12,100160,1001,174.75,4
2023-01-12,100161,1007,192.44,4
2023-01-12,100161,1020,7.35,2
2023-01-12,100161,1010,16.62,4
2023-01-12,100161,1023,101.45,4
2023-01-12,100162,1022,42.72,1
2023-01-12,100162,1012,105.01,3
2023-01-12,100162,1023,46.89,2
2023-01-12,100163,1017,33.35,2
2023-01-12,100163,1008,17.02,2
2023-01-12,100163,1004,14.8,1
2023-01-12,100164,1020,2.88,1
2023-01-12,100164,1029,232.54,4
2023-01-13,100165,1005,138.47,3
2023-01-13,100166,1005,230.61,5
2023-01-13,100166,1029,109.13,2
2023-01-13,100166,1027,15.95,2
2023-01-13,100167,1017,28.79,2
2023-01-13,100168,1017,14.15,1
2023-01-13,100168,1029,234.87,5
2023-01-13,100168,1010,14.33,3
2023-01-13,100169,1006,218.12,5
2023-01-13,100169,1022,199.99,5
2023-01-13,100170,1099,28.69,1
2023-01-13,100171,1020,15.53,5
2023-01-13,100171,1021,143.59,3
2023-01-13,100171,1001,145.58,4
2023-01-13,100171,1016,35.42,1
2023-01-13,100172,1007,176.38,3
2023-01-13,100172,1011,48.88,3
2023-01-13,100172,1020,11.4,3
2023-01-13,100172,1005,95.51,2
2023-01-13,100173,1015,116.33,3
2023-01-13,100173,1004,27.11,2
2023-01-13,100174,1008,26.56,3
2023-01-13,100174,1028,22.76,3
2023-01-13,100174,1029,100.84,2
2023-01-13,100174,1006,202.29,5
2023-01-13,100175,1013,21.91,5
2023-01-13,100176,1010,19.02,4
2023-01-13,100177,1014,31.49,2
2023-01-13,100178,1002,13.27,3
2023-01-13,100178,1019,46.65,1
2023-01-13,100178,1018,155.51,4
2023-01-13,100178,1007,174.62,3
2023-01-13,100179,1004,50.55,3
2023-01-13,100179,1013,13.55,3
2023-01-14,100180,1002,3.87,1
2023-01-14,100181,1020,14.77,5
2023-01-14,100181,1029,238.26,5
2023-01-14,100182,1019,243.99,5
2023-01-14,100182,1011,71.39,5
2023-01-14,100182,1017,14.7,1
2023-01-14,100183,1026,22.46,1
2023-01-14,100183,1029,172.9,3
2023-01-14,100183,1024,59.72,5
2023-01-14,100184,1017,82.97,5
2023-01-14,100184,1021,171.78,4
2023-01-14,100185,1007,52.0,1
2023-01-14,100186,1017,68.21,4
2023-01-14,100186,1025,60.15,1
2023-01-14,100186,1020,15.11,5
2023-01-14,100186,1030,127.13,3
2023-01-14,100187,1015,187.44,5
2023-01-14,100187,1030,116.28,3
2023-01-14,100188,1020,6.19,2
2023-01-14,100188,1016,92.06,3
2023-01-14,100188,1007,172.0,3
2023-01-14,100189,1011,42.67,3
2023-01-14,100189,1016,176.51,5
2023-01-14,100189,1012,140.18,4
2023-01-14,100189,1018,157.88,4
2023-01-14,100190,1002,4.15,1
2023-01-14,100190,1010,19.35,4
2023-01-14,100190,1023,80.4,4
2023-01-14,100191,1005,203.58,5
2023-01-14,100191,1004,16.26,1
2023-01-14,100191,1020,15.2,5
2023-01-14,100192,1023,37.39,2
2023-01-14,100192,1016,191.91,5
2023-01-14,100192,1004,30.04,2
2023-01-14,100193,1021,134.89,3
2023-01-14,100193,1007,59.54,1
2023-01-14,100193,1025,59.23,1
2023-01-14,100193,1010,9.33,2
2023-01-14,100194,1014,31.94,2
2023-01-14,100194,1029,58.1,1
2023-01-14,100195,1029,154.47,3
2023-01-14,100195,1002,4.92,1
2023-01-14,100195,1001,108.73,3
2023-01-14,100196,1029,187.8,4
2023-01-14,100196,1005,41.95,1
2023-01-14,100196,1028,35.03,4
2023-01-14,100196,1017,26.08,2
2023-01-14,100197,1026,39.31,2
2023-01-14,100197,1010,20.31,4
2023-01-14,100197,1019,228.92,5
2023-01-14,100198,1016,56.91,2
2023-01-14,100198,1011,55.92,4
2023-01-15,100199,1009,84.47,3
2023-01-15,100200,1006,230.74,5
2023-01-15,100200,1013,14.09,3
2023-01-15,100200,1022,121.14,3
2023-01-15,100201,1005,129.3,3
2023-01-15,100201,1015,221.71,5
2023-01-15,100201,1024,63.71,5
2023-01-15,100201,1020,7.17,2
2023-01-15,100202,1017,61.77,4
2023-01-15,100203,1027,45.71,5
2023-01-15,100204,1028,8.84,1
2023-01-15,100204,1017,76.29,5
2023-01-15,100204,1015,193.64,5
2023-01-15,100205,1015,165.83,4
2023-01-15,100205,1019,154.84,3
2023-01-15,100205,1002,16.1,4
2023-01-15,100205,1018,38.67,1
2023-01-15,100206,1023,24.94,1
2023-01-15,100206,1003,21.09,1
2023-01-15,100206,1018,123.34,4
2023-01-15,100207,1012,120.33,4
2023-01-15,100207,1029,223.98,5
2023-01-15,100207,1013,11.77,3
2023-01-15,100207,1015,190.49,5
2023-01-15,100208,1025,64.86,1
2023-01-15,100209,1027,15.17,2
2023-01-15,100209,1008,6.7,1
2023-01-15,100209,1015,163.05,4
2023-01-15,100209,1012,28.8,1
2023-01-15,100210,1020,3.06,1
2023-01-15,100210,1022,40.83,1
2023-01-15,100210,1023,44.58,2
2023-01-15,100210,1028,7.46,1
2023-01-15,100211,1019,133.33,3
2023-01-15,100211,1020,7.62,2
2023-01-15,100211,1025,258.9,5
2023-01-15,100212,1021,195.74,4
2023-01-15,100212,1022,48.15,1
2023-01-15,100213,1023,63.58,3
2023-01-15,100213,1014,69.94,5
2023-01-15,100213,1005,83.09,2
2023-01-15,100214,1018,164.44,4
2023-01-15,100215,1009,83.35,3
2023-01-15,100215,1007,234.24,4
2023-01-16,100216,1009,112.01,4
2023-01-16,100217,1026,116.54,5
2023-01-16,100217,1025,258.55,5
2023-01-16,100218,1030,83.94,2
2023-01-16,100218,1001,41.71,1
2023-01-16,100218,1007,238.59,4
2023-01-16,100219,1030,106.34,3
2023-01-16,100219,1008,40.86,5
2023-01-16,100219,1018,100.07,3
2023-01-16,100219,1011,84.92,5
2023-01-16,100220,1025,108.73,2
2023-01-16,100220,1027,28.05,4
2023-01-16,100220,1011,32.65,2
2023-01-16,100220,1030,34.1,1
2023-01-16,100221,1010,8.9,2
2023-01-16,100221,1005,88.45,2
2023-01-16,100221,1007,147.1,3
2023-01-16,100221,1011,69.49,4
2023-01-16,100222,1024,31.47,3
2023-01-16,100222,1026,108.69,5
2023-01-16,100223,1099,27.85,1
2023-01-16,100224,1014,31.15,2
2023-01-16,100225,1017,39.77,3
2023-01-16,100225,1015,221.71,5
2023-01-16,100226,1001,222.22,5
2023-01-16,100226,1017,15.32,1
2023-01-16,100226,1024,51.03,4
2023-01-16,100226,1009,46.81,2
2023-01-16,100227,1020,10.91,3
2023-01-16,100227,1017,50.06,3
2023-01-17,100228,1010,4.83,1
2023-01-17,100228,1022,36.86,1
2023-01-17,100229,1023,38.44,2
2023-01-17,100230,1029,284.48,5
2023-01-17,100231,1009,89.5,3
2023-01-17,100231,1002,22.81,5
2023-01-17,100231,1030,83.2,2
2023-01-17,100231,1003,46.95,3
2023-01-17,100232,1030,169.37,5
2023-01-17,100232,1003,77.42,4
2023-01-17,100232,1010,21.9,5
2023-01-17,100232,1006,88.99,2
2023-01-17,100233,1002,9.6,2
2023-01-17,100233,1004,47.86,3
2023-01-17,100233,1014,80.29,5
2023-01-17,100234,1025,184.47,3
2023-01-17,100234,1011,60.65,4
2023-01-17,100234,1001,118.26,3
2023-01-17,100234,1021,188.46,4
2023-01-17,100235,1025,265.31,5
2023-01-17,100236,1005,94.94,2
2023-01-17,100236,1013,12.75,3
2023-01-17,100236,1023,18.7,1
2023-01-17,100237,1004,30.26,2
2023-01-17,100237,1005,224.87,5
2023-01-17,100237,1003,64.56,4
2023-01-17,100238,1028,24.47,3
2023-01-17,100238,1013,4.74,1
2023-01-17,100238,1001,217.94,5
2023-01-17,100239,1022,74.89,2
2023-01-17,100239,1013,12.38,3
2023-01-18,100240,1010,12.8,3
2023-01-18,100240,1016,71.51,2
2023-01-18,100240,1026,89.76,4
2023-01-18,100240,1003,36.26,2
2023-01-18,100241,1011,44.79,3
2023-01-18,100241,1027,35.7,4
2023-01-18,100241,1020,14.75,5
2023-01-18,100241,1013,13.74,3
2023-01-18,100242,1013,14.27,3
2023-01-18,100242,1011,69.51,4
2023-01-18,100243,1027,21.55,3
2023-01-18,100243,1026,99.09,5
2023-01-18,100243,1013,20.03,5
2023-01-18,100244,1023,72.74,3
2023-01-18,100244,1007,58.11,1
2023-01-18,100244,1015,165.84,4
2023-01-18,100244,1026,45.41,2
2023-01-18,100245,1026,108.39,5
2023-01-18,100245,1013,17.95,4
2023-01-18,100245,1003,74.43,4
2023-01-18,100245,1015,125.42,3
2023-01-18,100246,1004,32.4,2
2023-01-18,100247,1025,48.14,1
2023-01-18,100247,1011,41.75,3
2023-01-18,100247,1026,111.01,5
2023-01-18,100247,1014,64.5,5
2023-01-18,100248,1012,109.99,4
2023-01-18,100248,1001,175.08,4
2023-01-18,100249,1012,92.53,3
2023-01-18,100249,1010,9.29,2
2023-01-18,100250,1011,12.99,1
2023-01-18,100250,1003,57.58,3
2023-01-18,100250,1010,10.44,2
2023-01-18,100250,1002,8.74,2
2023-01-18,100251,1015,71.23,2
2023-01-18,100251,1008,30.27,4
2023-01-18,100251,1026,121.82,5
2023-01-18,100251,1013,18.26,4
2023-01-18,100252,1009,27.22,1
2023-01-18,100252,1025,255.95,5
2023-01-19,100253,1017,63.32,4
2023-01-19,100253,1021,212.26,5
2023-01-19,100253,1011,50.43,3
2023-01-19,100253,1020,14.94,5
2023-01-19,100254,1022,79.37,2
2023-01-19,100255,1017,63.04,4
2023-01-19,100255,1013,21.41,5
2023-01-19,100256,1018,134.63,4
2023-01-19,100256,1006,77.12,2
2023-01-19,100257,1001,85.05,2
2023-01-19,100257,1016,167.76,5
2023-01-19,100257,1005,172.04,4
2023-01-19,100258,1016,36.52,1
2023-01-19,100258,1006,76.56,2
2023-01-19,100258,1003,50.47,3
2023-01-19,100258,1019,130.29,3
2023-01-19,100259,1018,33.43,1
2023-01-19,100259,1017,84.1,5
2023-01-19,100259,1004,46.97,3
2023-01-19,100259,1019,52.15,1
2023-01-19,100260,1004,29.01,2
2023-01-19,100260,1024,11.49,1
2023-01-19,100260,1027,27.13,3
2023-01-19,100260,1021,47.22,1
2023-01-19,100261,1007,280.04,5
2023-01-19,100261,1026,113.49,5
2023-01-19,100262,1027,8.32,1
2023-01-19,100262,1007,247.08,5
2023-01-19,100263,1010,26.5,5
2023-01-19,100263,1019,42.95,1
2023-01-19,100263,1009,119.97,4
2023-01-19,100264,1023,40.68,2
2023-01-19,100264,1028,27.65,3
2023-01-19,100265,1021,167.53,4
2023-01-19,100265,1014,13.68,1
2023-01-19,100265,1013,14.11,3
2023-01-20,100266,1019,51.73,1
2023-01-20,100266,1001,161.55,4
2023-01-20,100266,1028,27.82,3
2023-01-20,100267,1027,26.87,3
2023-01-20,100267,1007,161.15,3
2023-01-20,100267,1016,68.35,2
2023-01-20,100267,1009,115.73,4
2023-01-20,100268,1004,52.71,4
2023-01-20,100269,1007,142.33,3
2023-01-20,100269,1023,57.87,3
2023-01-20,100269,1030,101.96,3
2023-01-20,100269,1005,139.37,3
2023-01-20,100270,1024,22.83,2
2023-01-20,100270,1023,23.39,1
2023-01-20,100270,1025,51.65,1
2023-01-20,100271,1005,202.7,5
2023-01-20,100272,1027,34.5,4
2023-01-20,100272,1004,53.74,4
2023-01-20,100272,1028,29.31,4
2023-01-20,100273,1029,218.61,4
2023-01-20,100273,1010,9.63,2
2023-01-20,100273,1005,76.82,2
2023-01-20,100274,1015,81.84,2
2023-01-20,100274,1012,70.55,2
2023-01-20,100275,1003,16.35,1
2023-01-20,100275,1029,51.82,1
2023-01-20,100276,1099,23.3,1
2023-01-20,100276,1009,137.03,5
2023-01-20,100277,1028,22.88,3
2023-01-20,100278,1026,43.56,2
2023-01-20,100279,1017,17.58,1
2023-01-20,100280,1012,142.42,4
2023-01-20,100280,1018,30.67,1
2023-01-20,100280,1022,35.84,1
2023-01-20,100280,1006,70.27,2
2023-01-20,100281,1021,187.97,4
2023-01-20,100281,1023,76.87,4
2023-01-20,100281,1017,77.43,5
2023-01-21,100282,1026,103.31,5
2023-01-21,100282,1005,230.24,5
2023-01-21,100283,1010,19.76,4
2023-01-21,100284,1004,48.72,3
2023-01-21,100284,1015,69.62,2
2023-01-21,100284,1020,7.05,2
2023-01-21,100284,1002,8.69,2
2023-01-21,100285,1006,131.33,3
2023-01-21,100285,1012,33.86,1
2023-01-21,100285,1005,42.01,1
2023-01-21,100286,1023,22.0,1
2023-01-21,100286,1019,231.29,5
2023-01-21,100286,1021,213.56,4
2023-01-21,100287,1029,265.62,5
2023-01-21,100288,1002,4.01,1
2023-01-21,100289,1030,37.38,1
2023-01-21,100289,1028,30.7,4
2023-01-21,100290,1027,21.59,3
2023-01-21,100290,1003,16.57,1
2023-01-21,100290,1019,277.09,5
2023-01-21,100291,1028,8.51,1
2023-01-21,100291,1010,4.43,1
2023-01-21,100291,1025,173.09,3
2023-01-21,100291,1011,48.96,3
2023-01-21,100292,1025,305.47,5
2023-01-21,100292,1007,94.61,2
2023-01-21,100292,1024,39.89,4
2023-01-21,100292,1029,240.41,5
2023-01-21,100293,1001,171.69,4
2023-01-21,100293,1025,149.27,3
2023-01-21,100293,1022,241.42,5
2023-01-21,100294,1023,18.96,1
2023-01-21,100294,1009,59.64,2
2023-01-21,100295,1019,48.4,1
2023-01-22,100296,1008,25.96,3
2023-01-22,100296,1010,19.6,4
2023-01-22,100297,1007,114.95,2
2023-01-22,100298,1015,139.3,4
2023-01-22,100298,1011,52.09,3
2023-01-22,100299,1028,18.33,2
2023-01-22,100299,1004,50.99,3
2023-01-22,100299,1003,78.94,5
2023-01-22,100300,1023,50.34,2
2023-01-22,100301,1027,36.09,4
2023-01-22,100301,1006,219.83,5
2023-01-22,100301,1001,67.99,2
2023-01-22,100302,1001,42.7,1
2023-01-22,100303,1022,215.94,5
2023-01-22,100303,1021,41.1,1
2023-01-22,100303,1003,16.67,1
2023-01-22,100304,1029,133.91,3
2023-01-22,100305,1027,7.85,1
2023-01-22,100305,1024,42.01,4
2023-01-22,100305,1013,9.99,2
2023-01-22,100305,1016,93.74,3
2023-01-22,100306,1021,187.29,4
2023-01-22,100306,1010,22.94,5
2023-01-22,100307,1007,244.5,5
2023-01-22,100307,1021,262.21,5
2023-01-22,100307,1029,219.13,4
2023-01-22,100307,1026,65.04,3
2023-01-22,100308,1012,90.62,3
2023-01-22,100308,1030,62.94,2
2023-01-22,100308,1019,220.89,5
2023-01-22,100308,1017,39.75,3
2023-01-22,100309,1006,85.66,2
2023-01-22,100309,1004,46.85,3
2023-01-22,100310,1019,184.72,4
2023-01-22,100310,1028,15.1,2
2023-01-22,100311,1030,125.43,3
2023-01-22,100311,1019,215.22,5
2023-01-22,100311,1001,85.55,2
2023-01-22,100312,1006,35.34,1
2023-01-22,100312,1016,153.12,5
2023-01-22,100312,1002,21.61,5
2023-01-22,100313,1011,34.3,2
2023-01-22,100313,1023,57.19,3
2023-01-22,100314,1025,314.12,5
2023-01-22,100314,1004,14.86,1
2023-01-23,100315,1010,9.89,2
2023-01-23,100315,1011,66.25,4
2023-01-23,100315,1005,184.99,4
2023-01-23,100316,1008,15.05,2
2023-01-23,100316,1022,111.89,3
2023-01-23,100316,1019,54.94,1
2023-01-23,100317,1006,193.03,5
2023-01-23,100318,1030,131.01,4
2023-01-23,100319,1006,44.88,1
2023-01-23,100319,1021,141.99,3
2023-01-23,100319,1029,137.93,3
2023-01-23,100320,1024,10.06,1
2023-01-23,100321,1016,161.12,5
2023-01-23,100321,1029,219.55,4
2023-01-23,100321,1013,23.22,5
2023-01-23,100321,1012,56.1,2
2023-01-23,100322,1001,33.75,1
2023-01-23,100322,1011,34.01,2
2023-01-23,100322,1009,56.95,2
2023-01-23,100323,1011,87.29,5
2023-01-23,100324,1021,172.32,4
2023-01-23,100324,1006,38.77,1
2023-01-23,100324,1020,6.45,2
2023-01-23,100324,1029,269.31,5
2023-01-24,100325,1008,31.95,4
2023-01-24,100325,1004,55.3,4
2023-01-24,100325,1002,11.08,3
2023-01-24,100326,1007,181.98,3
2023-01-24,100326,1004,68.32,4
2023-01-24,100326,1001,126.49,3
2023-01-24,100326,1006,162.95,4
2023-01-24,100327,1006,110.89,3
2023-01-24,100327,1012,29.01,1
2023-01-24,100327,1029,187.21,4
2023-01-24,100327,1013,13.58,3
2023-01-24,100328,1003,60.27,3
2023-01-24,100329,1099,110.76,4
2023-01-24,100330,1019,126.34,3
2023-01-24,100330,1029,50.48,1
2023-01-24,100330,1008,42.67,5
2023-01-24,100330,1016,149.47,5
2023-01-24,100331,1007,93.83,2
2023-01-24,100331,1026,76.04,4
2023-01-24,100332,1027,23.08,3
2023-01-24,100332,1020,2.9,1
2023-01-24,100333,1030,188.85,5
2023-01-24,100333,1028,29.55,4
2023-01-24,100333,1001,69.26,2
2023-01-24,100333,1026,111.83,5
2023-01-24,100334,1019,52.53,1
2023-01-24,100335,1019,90.02,2
2023-01-24,100335,1020,6.88,2
2023-01-24,100335,1016,115.14,4
2023-01-24,100335,1002,13.81,3
2023-01-24,100336,1029,165.99,3
2023-01-24,100336,1012,88.4,3
2023-01-24,100336,1001,172.13,4
2023-01-24,100337,1005,191.73,4
2023-01-24,100337,1010,12.88,3
2023-01-25,100338,1007,228.58,4
2023-01-25,100338,1030,121.17,3
2023-01-25,100338,1027,44.33,5
2023-01-25,100338,1014,13.29,1
2023-01-25,100339,1006,91.1,2
2023-01-25,100340,1015,44.41,1
2023-01-25,100341,1021,44.33,1
2023-01-25,100341,1030,151.37,4
2023-01-25,100341,1004,35.26,2
2023-01-25,100341,1022,172.79,4
2023-01-25,100342,1024,10.9,1
2023-01-25,100342,1027,28.09,4
2023-01-25,100342,1023,119.51,5
2023-01-25,100343,1022,132.08,3
2023-01-25,100343,1007,225.99,5
2023-01-25,100344,1016,70.01,2
2023-01-25,100345,1008,24.23,3
2023-01-25,100346,1014,41.77,3
2023-01-25,100346,1029,99.86,2
2023-01-25,100346,1013,24.4,5
2023-01-25,100347,1018,167.95,5
2023-01-25,100347,1021,47.85,1
2023-01-25,100347,1020,11.44,3
2023-01-25,100348,1021,130.62,3
2023-01-25,100348,1023,119.03,5
2023-01-25,100348,1029,55.15,1
2023-01-25,100349,1022,44.08,1
2023-01-25,100349,1005,122.97,3
2023-01-25,100349,1024,45.31,4
2023-01-26,100350,1024,60.8,5
2023-01-26,100350,1023,99.01,4
2023-01-26,100350,1008,23.5,3
2023-01-26,100351,1010,16.37,4
2023-01-26,100351,1004,49.56,3
2023-01-26,100352,1008,21.47,3
2023-01-26,100353,1009,117.78,4
2023-01-26,100353,1019,166.97,4
2023-01-26,100353,1010,23.65,5
2023-01-26,100354,1017,61.8,4
2023-01-26,100354,1004,53.42,4
2023-01-26,100355,1011,85.15,5
2023-01-26,100355,1014,50.26,4
2023-01-26,100356,1016,104.51,3
2023-01-26,100357,1015,107.67,3
2023-01-26,100358,1016,29.71,1
2023-01-26,100358,1026,90.81,4
2023-01-26,100359,1001,132.36,3
2023-01-26,100359,1002,14.08,3
2023-01-26,100359,1018,162.9,5
2023-01-26,100359,1007,55.0,1
2023-01-26,100360,1010,18.49,4
2023-01-26,100360,1005,119.22,3
2023-01-26,100360,1004,14.51,1
2023-01-26,100361,1014,26.85,2
2023-01-26,100361,1029,193.12,4
2023-01-26,100361,1022,75.56,2
2023-01-27,100362,1008,14.26,2
2023-01-27,100362,1024,11.99,1
2023-01-27,100363,1013,14.42,3
2023-01-27,100364,1021,41.48,1
2023-01-27,100365,1016,70.98,2
2023-01-27,100365,1023,20.69,1
2023-01-27,100365,1005,46.43,1
2023-01-27,100366,1014,14.15,1
2023-01-27,100366,1027,35.96,5
2023-01-27,100367,1025,323.82,5
2023-01-27,100367,1009,84.73,3
2023-01-27,100368,1030,101.42,3
2023-01-27,100368,1007,55.73,1
2023-01-27,100368,1023,24.27,1
2023-01-27,100368,1016,119.65,4
2023-01-27,100369,1029,158.0,3
2023-01-27,100370,1015,87.76,2
2023-01-27,100370,1002,12.5,3
2023-01-27,100370,1004,45.33,3
2023-01-28,100371,1028,17.59,2
2023-01-28,100372,1029,165.88,3
2023-01-28,100372,1024,20.59,2
2023-01-28,100372,1003,83.82,4
2023-01-28,100373,1026,38.48,2
2023-01-28,100373,1014,16.17,1
2023-01-28,100373,1021,84.59,2
2023-01-28,100373,1029,250.89,5
2023-01-28,100374,1025,112.61,2
2023-01-28,100374,1012,110.31,4
2023-01-28,100374,1020,13.03,4
2023-01-28,100374,1001,35.97,1
2023-01-28,100375,1022,126.98,3
2023-01-28,100375,1028,36.72,5
2023-01-28,100376,1022,92.87,2
2023-01-28,100376,1021,269.35,5
2023-01-28,100376,1013,19.18,5
2023-01-28,100377,1028,31.68,4
2023-01-28,100377,1016,114.91,3
2023-01-28,100377,1006,40.96,1
2023-01-28,100377,1003,95.83,5
2023-01-28,100378,1015,154.99,4
2023-01-28,100378,1026,25.01,1
2023-01-28,100378,1019,42.46,1
2023-01-28,100378,1003,63.05,4
2023-01-28,100379,1029,105.65,2
2023-01-28,100379,1017,69.66,4
2023-01-28,100379,1018,118.64,3
2023-01-28,100380,1018,178.4,5
2023-01-28,100380,1025,180.97,3
2023-01-28,100380,1020,2.91,1
2023-01-28,100381,1027,24.78,3
2023-01-28,100381,1021,153.24,3
2023-01-28,100381,1026,24.46,1
2023-01-28,100382,1099,88.84,4
2023-01-28,100382,1027,36.93,5
2023-01-28,100382,1023,24.91,1
2023-01-28,100382,1024,42.62,4
2023-01-28,100383,1004,17.47,1
2023-01-28,100383,1025,250.45,5
2023-01-28,100383,1014,55.67,4
2023-01-29,100384,1017,15.56,1
2023-01-29,100385,1023,47.14,2
2023-01-29,100385,1019,84.95,2
2023-01-29,100386,1017,70.2,4
2023-01-29,100386,1029,93.92,2
2023-01-29,100386,1013,15.23,3
2023-01-29,100387,1020,15.58,5
2023-01-29,100387,1023,122.23,5
2023-01-29,100387,1029,262.43,5
2023-01-29,100387,1024,21.27,2
2023-01-29,100388,1023,44.1,2
2023-01-29,100388,1021,153.61,3
2023-01-29,100389,1022,196.67,5
2023-01-29,100389,1024,51.06,4
2023-01-29,100389,1029,221.94,5
2023-01-29,100389,1027,29.04,4
2023-01-29,100390,1010,12.36,3
2023-01-29,100390,1022,44.53,1
2023-01-29,100391,1027,45.28,5
2023-01-29,100391,1015,218.83,5
2023-01-29,100391,1004,74.67,5
2023-01-29,100392,1023,85.07,4
2023-01-29,100392,1022,144.19,3
2023-01-29,100392,1002,3.7,1
2023-01-29,100393,1027,26.33,3
2023-01-29,100393,1008,41.93,5
2023-01-29,100393,1030,79.77,2
2023-01-29,100393,1021,90.19,2
2023-01-29,100394,1006,180.63,5
2023-01-29,100394,1024,11.41,1
2023-01-29,100395,1001,66.7,2
2023-01-29,100395,1011,46.97,3
2023-01-29,100395,1015,217.53,5
2023-01-29,100396,1003,55.52,3
2023-01-29,100396,1026,43.9,2
2023-01-29,100396,1023,98.67,5
2023-01-29,100397,1008,22.24,3
2023-01-29,100397,1029,138.34,3
2023-01-29,100397,1007,267.23,5
2023-01-29,100398,1004,45.61,3
2023-01-29,100399,1013,4.29,1
2023-01-29,100399,1030,196.5,5
2023-01-29,100399,1026,24.55,1
2023-01-29,100400,1016,63.32,2
2023-01-29,100400,1002,4.95,1
2023-01-29,100400,1010,10.56,2
2023-01-29,100400,1029,254.78,5
2023-01-29,100401,1028,36.94,4
2023-01-29,100401,1022,85.13,2
2023-01-29,100402,1021,82.25,2
2023-01-29,100402,1027,20.98,3
2023-01-29,100402,1003,15.87,1
2023-01-29,100402,1024,35.62,3
2023-01-29,100403,1014,55.25,4
2023-01-29,100403,1013,4.29,1
2023-01-29,100403,1015,39.8,1
2023-01-30,100404,1012,137.56,5
2023-01-30,100405,1010,17.8,4
2023-01-30,100406,1024,54.69,5
2023-01-30,100406,1013,8.33,2
2023-01-30,100407,1004,15.8,1
2023-01-30,100407,1002,17.6,4
2023-01-30,100408,1007,235.88,5
2023-01-30,100408,1014,25.8,2
2023-01-30,100408,1029,137.22,3
2023-01-30,100409,1028,41.39,5
2023-01-30,100410,1007,263.73,5
2023-01-30,100411,1004,67.15,5
2023-01-30,100411,1010,8.72,2
2023-01-30,100412,1019,165.25,3
2023-01-30,100412,1012,53.09,2
2023-01-31,100413,1027,27.24,3
2023-01-31,100413,1012,122.99,4
2023-01-31,100413,1005,132.18,3
2023-01-31,100414,1027,27.1,3
2023-01-31,100415,1024,13.06,1
2023-01-31,100416,1030,170.5,5
2023-01-31,100416,1002,21.57,5
2023-01-31,100417,1029,270.17,5
2023-01-31,100417,1025,150.82,3
2023-01-31,100418,1017,33.87,2
2023-01-31,100418,1001,204.86,5
2023-01-31,100418,1022,187.32,5
2023-01-31,100419,1006,214.3,5
2023-01-31,100419,1019,103.6,2
2023-01-31,100420,1025,98.1,2
2023-01-31,100420,1016,92.34,3
2023-01-31,100421,1013,19.83,4
2023-01-31,100421,1016,38.41,1
2023-01-31,100421,1030,97.0,3
2023-01-31,100422,1027,41.26,5
2023-01-31,100422,1024,22.46,2
2023-01-31,100422,1009,102.01,4
2023-01-31,100423,1013,21.56,5
2023-01-31,100423,1030,109.92,3
2023-01-31,100423,1008,34.96,4
2023-01-31,100424,1006,111.83,3
2023-01-31,100424,1008,14.0,2
2023-01-31,100424,1003,97.91,5
2023-01-31,100424,1017,16.06,1
2023-01-31,100425,1016,133.13,4
2023-01-31,100426,1001,199.43,5
2023-01-31,100426,1008,16.25,2
2023-01-31,100426,1002,4.87,1
2023-01-31,100426,1005,76.48,2
2023-01-31,100427,1020,11.31,3
2023-01-31,100427,1019,95.14,2
2023-01-31,100427,1021,214.02,4
2023-01-31,100427,1001,70.94,2
2023-02-01,100428,1006,138.42,3
2023-02-01,100428,1024,59.95,5
2023-02-01,100428,1022,81.04,2
2023-02-01,100429,1027,16.16,2
2023-02-01,100429,1005,227.91,5
2023-02-01,100429,1020,16.61,5
2023-02-01,100429,1004,13.54,1
2023-02-01,100430,1029,203.14,4
2023-02-01,100431,1008,29.84,4
2023-02-01,100431,1026,95.69,5
2023-02-01,100431,1016,61.98,2
2023-02-01,100431,1025,127.35,2
2023-02-01,100432,1009,27.23,1
2023-02-01,100432,1007,53.27,1
2023-02-01,100432,1001,162.49,4
2023-02-01,100432,1023,64.23,3
2023-02-01,100433,1009,108.48,4
2023-02-01,100433,1028,39.02,5
2023-02-01,100433,1018,155.09,4
2023-02-01,100434,1006,140.89,3
2023-02-01,100434,1012,148.93,5
2023-02-01,100434,1018,154.25,4
2023-02-01,100434,1016,36.03,1
2023-02-01,100435,1099,122.36,5
2023-02-01,100435,1007,173.44,3
2023-02-01,100436,1006,186.66,4
2023-02-01,100437,1016,164.18,5
2023-02-01,100437,1030,34.13,1
2023-02-01,100438,1030,171.95,5
2023-02-01,100438,1013,19.2,5
2023-02-01,100438,1020,6.92,2
2023-02-01,100438,1021,163.73,4
2023-02-02,100439,1002,21.83,5
2023-02-02,100439,1026,45.16,2
2023-02-02,100440,1003,70.16,4
2023-02-02,100440,1009,103.31,4
2023-02-02,100441,1030,37.34,1
2023-02-02,100442,1020,15.02,4
2023-02-02,100442,1007,224.75,5
2023-02-02,100443,1017,43.69,3
2023-02-02,100444,1023,109.56,5
2023-02-02,100444,1015,84.95,2
2023-02-02,100444,1013,18.74,4
2023-02-02,100445,1004,32.58,2
2023-02-02,100445,1009,58.06,2
2023-02-02,100445,1003,83.66,4
2023-02-02,100445,1013,22.44,5
2023-02-02,100446,1003,47.97,3
2023-02-02,100446,1013,8.82,2
2023-02-02,100446,1022,115.41,3
2023-02-02,100447,1016,61.58,2
2023-02-02,100447,1024,25.99,2
2023-02-02,100448,1027,21.86,3
2023-02-02,100448,1020,2.93,1
2023-02-02,100449,1025,322.52,5
2023-02-02,100450,1016,100.21,3
2023-02-02,100450,1029,235.32,5
2023-02-02,100450,1019,104.02,2
2023-02-02,100451,1016,97.23,3
2023-02-02,100451,1018,71.01,2
2023-02-02,100451,1002,4.61,1
2023-02-02,100451,1017,57.8,4
2023-02-03,100452,1011,47.19,3
2023-02-03,100453,1016,90.8,3
2023-02-03,100453,1020,12.1,4
2023-02-03,100453,1011,43.74,3
2023-02-03,100454,1019,105.91,2
2023-02-03,100454,1022,137.96,3
2023-02-03,100455,1005,87.74,2
2023-02-03,100455,1026,19.66,1
2023-02-03,100456,1005,223.47,5
2023-02-03,100456,1029,164.51,3
2023-02-03,100456,1028,23.22,3
2023-02-03,100456,1021,207.38,5
2023-02-03,100457,1027,35.94,4
2023-02-03,100457,1009,26.19,1
2023-02-03,100458,1012,29.85,1
2023-02-03,100458,1001,176.15,5
2023-02-03,100458,1014,73.73,5
2023-02-03,100459,1012,155.75,5
2023-02-03,100459,1011,68.06,4
2023-02-03,100459,1022,174.16,4
2023-02-03,100460,1021,140.9,3
2023-02-03,100460,1026,111.46,5
2023-02-03,100461,1011,43.07,3
2023-02-03,100461,1008,24.96,3
2023-02-03,100462,1024,45.44,4
2023-02-03,100462,1019,107.09,2
2023-02-03,100462,1017,32.75,2
2023-02-03,100463,1007,102.58,2
2023-02-03,100464,1018,144.95,4
2023-02-03,100464,1002,3.83,1
2023-02-03,100464,1001,173.56,5
2023-02-03,100464,1025,213.22,4
2023-02-03,100465,1005,75.75,2
2023-02-03,100465,1017,50.98,3
2023-02-03,100466,1018,162.15,5
2023-02-03,100466,1015,194.3,5
2023-02-03,100466,1005,216.79,5
2023-02-04,100467,1018,135.47,4
2023-02-04,100467,1008,28.98,4
2023-02-04,100467,1026,55.67,3
2023-02-04,100467,1003,100.65,5
2023-02-04,100468,1018,163.52,4
2023-02-04,100468,1001,145.68,4
2023-02-04,100468,1023,96.09,4
2023-02-04,100468,1030,168.85,5
2023-02-04,100469,1029,90.53,2
2023-02-04,100469,1018,158.32,4
2023-02-04,100469,1014,26.16,2
2023-02-04,100469,1013,18.44,4
2023-02-04,100470,1010,25.26,5
2023-02-04,100470,1021,174.14,4
2023-02-04,100470,1024,10.54,1
2023-02-04,100471,1009,50.28,2
2023-02-04,100471,1023,37.99,2
2023-02-04,100471,1020,14.17,5
2023-02-04,100471,1016,31.27,1
2023-02-04,100472,1008,6.98,1
2023-02-04,100473,1012,29.65,1
2023-02-04,100473,1015,68.1,2
2023-02-04,100473,1023,76.57,4
2023-02-04,100473,1026,78.78,4
2023-02-04,100474,1027,15.71,2
2023-02-04,100474,1001,143.2,4
2023-02-04,100474,1004,14.04,1
2023-02-04,100474,1025,56.96,1
2023-02-04,100475,1030,39.53,1
2023-02-04,100475,1011,76.52,5
2023-02-04,100475,1006,121.91,3
2023-02-04,100476,1028,19.18,2
2023-02-04,100477,1026,96.42,5
2023-02-04,100477,1009,45.22,2
2023-02-04,100478,1023,20.33,1
2023-02-04,100478,1020,11.62,4
2023-02-04,100478,1005,210.27,5
2023-02-04,100478,1012,27.07,1
2023-02-04,100479,1005,162.51,4
2023-02-04,100480,1026,37.26,2
2023-02-04,100480,1029,193.05,4
2023-02-04,100480,1015,72.77,2
2023-02-04,100481,1018,73.41,2
2023-02-04,100481,1023,104.99,5
2023-02-04,100481,1016,124.8,4
2023-02-04,100482,1003,36.16,2
2023-02-04,100482,1017,46.51,3
2023-02-04,100483,1024,64.69,5
2023-02-04,100483,1006,188.08,5
2023-02-04,100483,1029,52.88,1
2023-02-04,100483,1001,212.84,5
2023-02-04,100484,1020,9.68,3
2023-02-04,100484,1010,12.2,3
2023-02-05,100485,1007,52.72,1
2023-02-05,100486,1022,194.74,5
2023-02-05,100486,1016,91.93,3
2023-02-05,100486,1017,13.04,1
2023-02-05,100486,1020,6.95,2
2023-02-05,100487,1026,117.18,5
2023-02-05,100487,1021,211.37,4
2023-02-05,100487,1002,4.78,1
2023-02-05,100487,1012,94.64,3
2023-02-05,100488,1099,57.57,2
2023-02-05,100489,1007,274.89,5
2023-02-05,100489,1017,31.17,2
2023-02-05,100489,1022,204.96,5
2023-02-05,100489,1008,8.45,1
2023-02-05,100490,1029,102.43,2
2023-02-05,100490,1004,73.46,5
2023-02-05,100490,1006,82.59,2
2023-02-05,100490,1026,107.18,5
2023-02-05,100491,1028,36.85,4
2023-02-05,100491,1012,96.91,3
2023-02-05,100491,1014,71.49,5
2023-02-05,100492,1012,33.43,1
2023-02-05,100492,1015,121.6,3
2023-02-05,100492,1013,19.73,5
2023-02-05,100493,1001,86.0,2
2023-02-05,100493,1010,5.0,1
2023-02-05,100493,1008,26.45,3
2023-02-05,100494,1004,59.11,4
2023-02-05,100494,1002,8.08,2
2023-02-05,100495,1019,197.36,4
2023-02-05,100496,1026,95.93,4
2023-02-05,100496,1016,183.81,5
2023-02-05,100496,1006,42.06,1
2023-02-05,100497,1003,52.54,3
2023-02-05,100497,1025,220.62,4
2023-02-05,100497,1002,4.84,1
2023-02-05,100497,1030,79.13,2
2023-02-05,100498,1002,22.19,5
2023-02-05,100498,1010,13.86,3
2023-02-05,100498,1017,27.38,2
2023-02-05,100498,1011,69.57,4
2023-02-05,100499,1008,29.26,4
2023-02-06,100500,1018,133.48,4
2023-02-06,100501,1025,230.48,4
2023-02-06,100501,1005,171.29,4
2023-02-06,100502,1008,25.43,3
2023-02-06,100502,1003,58.2,3
2023-02-06,100503,1014,43.51,3
2023-02-06,100503,1012,33.84,1
2023-02-06,100503,1007,121.66,2
2023-02-06,100503,1011,83.5,5
2023-02-06,100504,1002,9.19,2
2023-02-06,100504,1030,79.36,2
2023-02-06,100504,1027,7.18,1
2023-02-06,100504,1008,7.2,1
2023-02-06,100505,1001,36.49,1
2023-02-06,100505,1011,51.97,4
2023-02-06,100505,1023,47.27,2
2023-02-06,100506,1018,76.23,2
2023-02-06,100506,1016,32.24,1
2023-02-06,100506,1020,14.28,5
2023-02-06,100507,1002,3.78,1
2023-02-06,100507,1015,124.02,3
2023-02-06,100507,1021,160.39,3
2023-02-06,100508,1008,8.78,1
2023-02-06,100508,1013,19.75,4
2023-02-06,100508,1017,66.93,5
2023-02-06,100508,1023,44.05,2
2023-02-06,100509,1002,9.82,2
2023-02-06,100510,1001,111.24,3
2023-02-06,100510,1012,86.26,3
2023-02-06,100511,1021,161.02,3
2023-02-06,100512,1018,98.89,3
2023-02-06,100513,1003,73.92,4
2023-02-06,100513,1024,64.97,5
2023-02-06,100514,1014,66.83,5
2023-02-06,100514,1010,20.49,5
2023-02-06,100515,1028,26.58,3
2023-02-06,100515,1005,248.81,5
2023-02-07,100516,1011,76.8,5
2023-02-07,100516,1003,16.59,1
2023-02-07,100517,1025,189.48,3
2023-02-07,100518,1024,31.29,3
2023-02-07,100518,1030,64.75,2
2023-02-07,100518,1027,13.93,2
2023-02-07,100518,1029,261.22,5
2023-02-07,100519,1008,7.48,1
2023-02-07,100519,1022,149.54,4
2023-02-07,100520,1006,162.18,4
2023-02-07,100520,1028,15.19,2
2023-02-07,100520,1013,4.32,1
2023-02-07,100521,1008,13.57,2
2023-02-07,100521,1024,51.9,4
2023-02-07,100521,1022,177.97,4
2023-02-07,100521,1007,236.86,4
2023-02-07,100522,1024,60.01,5
2023-02-07,100522,1011,79.32,5
2023-02-07,100522,1013,4.47,1
2023-02-07,100522,1020,13.1,4
2023-02-07,100523,1017,70.28,4
2023-02-07,100523,1018,36.61,1
2023-02-07,100524,1007,155.93,3
2023-02-07,100525,1015,122.23,3
2023-02-07,100525,1006,43.24,1
2023-02-07,100525,1014,27.89,2
2023-02-07,100526,1006,231.66,5
2023-02-08,100527,1015,161.87,4
2023-02-08,100527,1001,86.64,2
2023-02-08,100527,1006,37.76,1
2023-02-08,100528,1023,19.28,1
2023-02-08,100528,1024,48.58,4
2023-02-08,100529,1013,15.29,4
2023-02-08,100529,1018,81.0,2
2023-02-08,100530,1006,73.74,2
2023-02-08,100530,1028,8.17,1
2023-02-08,100531,1010,10.53,2
2023-02-08,100531,1021,49.91,1
2023-02-08,100531,1006,104.37,3
2023-02-08,100531,1004,68.54,4
2023-02-08,100532,1008,30.83,4
2023-02-08,100532,1007,184.63,4
2023-02-08,100532,1019,205.23,5
2023-02-08,100532,1022,196.17,5
2023-02-08,100533,1002,7.52,2
2023-02-08,100533,1006,105.29,3
2023-02-08,100534,1011,13.39,1
2023-02-08,100534,1030,65.97,2
2023-02-08,100534,1003,56.96,3
2023-02-08,100535,1015,188.51,5
2023-02-08,100535,1024,10.22,1
2023-02-08,100536,1027,35.31,5
2023-02-08,100536,1003,65.27,4
2023-02-08,100536,1025,160.94,3
2023-02-08,100536,1014,56.83,4
2023-02-08,100537,1019,277.52,5
2023-02-08,100538,1014,39.2,3
2023-02-08,100538,1020,19.1,5
2023-02-08,100538,1028,28.41,3
2023-02-08,100539,1016,153.83,5
2023-02-08,100539,1026,75.01,3
2023-02-08,100539,1006,36.11,1
2023-02-08,100539,1029,209.5,4
2023-02-08,100540,1014,77.09,5
2023-02-08,100540,1002,7.4,2
2023-02-08,100540,1011,32.18,2
2023-02-08,100540,1012,102.12,3
2023-02-08,100541,1099,72.05,3
2023-02-08,100541,1001,200.83,5
2023-02-08,100541,1004,17.02,1
2023-02-09,100542,1026,78.09,4
2023-02-09,100542,1002,19.49,4
2023-02-09,100542,1021,269.63,5
2023-02-09,100542,1005,192.27,4
2023-02-09,100543,1019,147.4,3
2023-02-09,100543,1024,10.63,1
2023-02-09,100543,1022,137.78,3
2023-02-09,100544,1009,25.29,1
2023-02-09,100544,1027,33.83,4
2023-02-09,100545,1028,26.71,3
2023-02-09,100546,1016,64.37,2
2023-02-09,100547,1012,33.92,1
2023-02-09,100548,1029,170.89,3
2023-02-09,100548,1017,72.12,5
2023-02-09,100548,1005,118.26,3
2023-02-09,100548,1007,58.16,1
2023-02-09,100549,1007,52.3,1
2023-02-09,100549,1024,51.5,5
2023-02-09,100550,1011,68.05,4
2023-02-09,100551,1001,121.31,3
2023-02-09,100551,1019,91.36,2
2023-02-09,100551,1025,105.82,2
2023-02-09,100552,1009,47.63,2
2023-02-09,100553,1007,252.67,5
2023-02-09,100554,1019,45.54,1
2023-02-09,100554,1008,23.74,3
2023-02-09,100554,1006,36.26,1
2023-02-09,100555,1013,3.88,1
2023-02-09,100556,1020,7.07,2
2023-02-09,100556,1012,136.25,5
2023-02-09,100556,1010,18.85,4
2023-02-09,100556,1011,16.66,1
2023-02-09,100557,1010,18.3,4
2023-02-09,100557,1022,75.02,2
2023-02-09,100557,1021,222.81,5
2023-02-09,100557,1023,63.89,3
2023-02-10,100558,1016,99.84,3
2023-02-10,100558,1001,72.43,2
2023-02-10,100558,1003,56.85,3
2023-02-10,100558,1004,30.99,2
2023-02-10,100559,1011,79.5,5
2023-02-10,100560,1008,30.16,4
2023-02-10,100560,1020,9.07,3
2023-02-10,100560,1018,176.1,5
2023-02-10,100560,1006,166.84,4
2023-02-10,100561,1022,232.03,5
2023-02-10,100561,1003,18.88,1
2023-02-10,100562,1006,179.97,5
2023-02-10,100562,1010,24.99,5
2023-02-10,100562,1013,16.82,4
2023-02-10,100562,1003,16.07,1
2023-02-10,100563,1025,118.75,2
2023-02-10,100564,1007,162.26,3
2023-02-10,100564,1022,142.36,3
2023-02-10,100564,1029,215.19,4
2023-02-10,100564,1011,52.45,3
2023-02-10,100565,1028,28.21,3
2023-02-10,100565,1005,37.5,1
2023-02-10,100565,1010,25.34,5
2023-02-10,100565,1002,11.5,3
2023-02-10,100566,1023,70.33,3
2023-02-10,100566,1019,186.3,4
2023-02-10,100566,1013,20.24,5
2023-02-10,100566,1021,95.49,2
2023-02-10,100567,1018,119.12,3
2023-02-10,100567,1013,8.31,2
2023-02-10,100568,1003,16.37,1
2023-02-10,100569,1003,81.53,4
2023-02-10,100569,1005,250.21,5
2023-02-10,100570,1018,98.9,3
2023-02-10,100570,1027,33.61,4
2023-02-10,100570,1015,196.8,5
2023-02-10,100570,1013,9.45,2
2023-02-10,100571,1002,11.51,3
2023-02-10,100571,1019,220.51,4
2023-02-10,100571,1016,29.84,1
2023-02-11,100572,1017,14.12,1
2023-02-11,100572,1003,19.4,1
2023-02-11,100572,1029,275.16,5
2023-02-11,100572,1020,10.3,3
2023-02-11,100573,1016,134.51,4
2023-02-11,100574,1012,33.13,1
2023-02-11,100574,1026,117.38,5
2023-02-11,100574,1010,21.4,5
2023-02-11,100574,1006,167.39,4
2023-02-11,100575,1026,20.4,1
2023-02-11,100575,1024,10.34,1
2023-02-11,100575,1020,3.67,1
2023-02-11,100576,1028,8.64,1
2023-02-11,100576,1009,142.67,5
2023-02-11,100576,1001,149.0,4
2023-02-11,100577,1016,185.98,5
2023-02-11,100577,1006,140.73,3
2023-02-11,100578,1027,35.25,4
2023-02-11,100578,1016,70.28,2
2023-02-11,100579,1002,3.76,1
2023-02-11,100579,1021,186.51,4
2023-02-11,100579,1009,79.21,3
2023-02-11,100580,1013,17.62,4
2023-02-11,100580,1022,84.95,2
2023-02-11,100581,1013,3.89,1
2023-02-11,100581,1022,219.23,5
2023-02-11,100581,1011,62.88,4
2023-02-11,100581,1017,43.62,3
2023-02-11,100582,1015,84.4,2
2023-02-11,100582,1025,306.33,5
2023-02-11,100582,1022,199.97,5
2023-02-11,100582,1024,22.01,2
2023-02-11,100583,1001,136.13,4
2023-02-11,100584,1024,31.72,3
2023-02-11,100584,1010,4.78,1
2023-02-11,100585,1020,3.53,1
2023-02-11,100585,1021,42.04,1
2023-02-11,100586,1029,93.3,2
2023-02-11,100586,1004,64.86,4
2023-02-11,100587,1025,157.22,3
2023-02-11,100587,1014,13.14,1
2023-02-11,100587,1023,21.23,1
2023-02-11,100588,1006,187.4,4
2023-02-11,100588,1015,81.42,2
2023-02-11,100588,1003,38.36,2
2023-02-12,100589,1020,3.74,1
2023-02-12,100589,1021,126.87,3
2023-02-12,100590,1025,202.13,4
2023-02-12,100590,1015,44.58,1
2023-02-12,100590,1001,144.11,4
2023-02-12,100591,1017,60.83,4
2023-02-12,100592,1018,61.05,2
2023-02-12,100593,1011,52.57,4
2023-02-12,100593,1022,40.35,1
2023-02-12,100593,1010,12.08,3
2023-02-12,100594,1099,28.84,1
2023-02-12,100594,1018,67.54,2
2023-02-12,100595,1016,143.61,4
2023-02-12,100595,1003,31.52,2
2023-02-12,100595,1029,53.83,1
2023-02-12,100596,1026,113.85,5
2023-02-12,100597,1001,37.67,1
2023-02-12,100597,1002,9.52,2
2023-02-12,100597,1011,75.07,5
2023-02-12,100597,1026,97.39,5
2023-02-12,100598,1024,23.26,2
2023-02-12,100599,1008,13.32,2
2023-02-12,100600,1015,177.13,5
2023-02-12,100601,1004,63.62,4
2023-02-12,100602,1026,82.58,4
2023-02-12,100602,1027,41.28,5
2023-02-12,100602,1024,38.59,3
2023-02-12,100603,1011,14.16,1
2023-02-12,100603,1003,66.02,4
2023-02-12,100604,1018,81.29,2
2023-02-12,100604,1006,36.3,1
2023-02-12,100604,1015,189.47,5
2023-02-12,100605,1001,35.0,1
2023-02-12,100606,1014,59.71,4
2023-02-12,100606,1023,39.25,2
2023-02-12,100606,1026,65.91,3
2023-02-12,100607,1020,7.08,2
2023-02-13,100608,1001,44.55,1
2023-02-13,100608,1018,37.28,1
2023-02-13,100608,1008,39.18,5
2023-02-13,100608,1007,229.28,4
2023-02-13,100609,1004,32.66,2
2023-02-13,100609,1026,87.19,4
2023-02-13,100610,1021,134.88,3
2023-02-13,100611,1002,19.6,5
2023-02-13,100611,1004,15.39,1
2023-02-13,100611,1024,10.14,1
2023-02-13,100611,1030,78.54,2
2023-02-13,100612,1024,32.12,3
2023-02-13,100612,1022,39.85,1
2023-02-13,100613,1013,7.72,2
2023-02-13,100613,1029,251.03,5
2023-02-13,100614,1006,174.45,4
2023-02-13,100614,1013,15.25,3
2023-02-13,100614,1012,59.41,2
2023-02-13,100614,1005,46.83,1
2023-02-13,100615,1015,108.05,3
2023-02-13,100615,1014,43.64,3
2023-02-13,100615,1006,229.65,5
2023-02-13,100615,1025,323.57,5
2023-02-13,100616,1028,31.25,4
2023-02-13,100616,1007,227.07,4
2023-02-13,100616,1019,89.21,2
2023-02-13,100616,1016,137.24,4
2023-02-13,100617,1030,35.86,1
2023-02-13,100617,1019,41.54,1
2023-02-13,100618,1017,15.09,1
2023-02-13,100618,1013,7.75,2
2023-02-13,100618,1016,35.47,1
2023-02-13,100618,1026,99.24,4
2023-02-13,100619,1001,163.17,4
2023-02-13,100620,1015,170.59,4
2023-02-13,100621,1021,53.4,1
2023-02-13,100621,1015,38.0,1
2023-02-13,100621,1023,66.69,3
2023-02-15,100622,1020,10.67,3
2023-02-15,100623,1029,193.51,4
2023-02-15,100623,1002,18.71,5
2023-02-15,100623,1004,41.78,3
2023-02-15,100624,1005,89.54,2
2023-02-15,100624,1011,65.23,4
2023-02-15,100625,1025,106.99,2
2023-02-15,100625,1024,35.04,3
2023-02-15,100626,1012,157.62,5
2023-02-15,100626,1015,39.02,1
2023-02-15,100626,1016,176.6,5
2023-02-15,100627,1026,19.74,1
2023-02-15,100627,1022,147.13,4
2023-02-15,100627,1023,98.78,4
2023-02-15,100628,1006,108.1,3
2023-02-15,100629,1017,14.34,1
2023-02-15,100629,1021,272.26,5
2023-02-15,100630,1010,8.0,2
2023-02-15,100631,1014,42.12,3
2023-02-15,100631,1019,266.81,5
2023-02-15,100631,1011,60.05,4
2023-02-15,100632,1006,81.35,2
2023-02-15,100632,1026,70.83,3
2023-02-15,100632,1009,23.74,1
2023-02-15,100633,1023,59.66,3
2023-02-15,100633,1018,79.4,2
2023-02-16,100634,1008,9.0,1
2023-02-16,100634,1004,68.48,5
2023-02-16,100635,1022,144.66,3
2023-02-16,100636,1018,40.59,1
2023-02-16,100636,1010,20.9,4
2023-02-16,100637,1001,222.11,5
2023-02-16,100637,1024,36.57,3
2023-02-16,100638,1026,82.97,4
2023-02-16,100638,1019,51.74,1
2023-02-16,100639,1010,4.48,1
2023-02-16,100640,1020,6.81,2
2023-02-16,100641,1026,59.37,3
2023-02-16,100641,1030,37.22,1
2023-02-16,100642,1017,55.53,4
2023-02-16,100643,1030,106.91,3
2023-02-16,100644,1012,136.68,5
2023-02-16,100644,1001,166.6,4
2023-02-16,100644,1010,20.18,4
2023-02-16,100644,1015,106.03,3
2023-02-17,100645,1027,35.57,5
2023-02-17,100645,1019,90.84,2
2023-02-17,100646,1003,64.23,4
2023-02-17,100646,1030,153.38,4
2023-02-17,100646,1019,141.18,3
2023-02-17,100647,1099,94.46,4
2023-02-17,100647,1006,140.66,4
2023-02-17,100648,1016,122.73,4
2023-02-17,100648,1018,32.18,1
2023-02-17,100648,1024,39.87,3
2023-02-17,100649,1014,24.14,2
2023-02-17,100649,1006,122.36,3
2023-02-17,100649,1016,34.51,1
2023-02-17,100650,1028,38.36,4
2023-02-17,100650,1009,25.57,1
2023-02-17,100650,1021,205.16,5
2023-02-17,100650,1022,113.26,3
2023-02-17,100651,1012,29.1,1
2023-02-17,100651,1006,170.28,4
2023-02-17,100652,1017,15.38,1
2023-02-17,100652,1021,104.0,2
2023-02-17,100652,1030,198.11,5
2023-02-17,100653,1009,69.95,3
2023-02-17,100653,1022,200.88,5
2023-02-17,100653,1023,37.5,2
2023-02-17,100654,1014,12.89,1
2023-02-17,100654,1011,69.57,5
2023-02-17,100654,1030,80.2,2
2023-02-17,100654,1006,211.43,5
2023-02-17,100655,1014,63.56,4
2023-02-17,100656,1012,139.95,4
2023-02-17,100656,1010,23.25,5
2023-02-17,100656,1023,59.46,3
2023-02-17,100656,1005,113.63,3
2023-02-17,100657,1023,58.51,3
2023-02-17,100657,1008,17.93,2
2023-02-17,100658,1001,167.35,4
2023-02-17,100659,1016,37.67,1
2023-02-18,100660,1030,167.4,5
2023-02-18,100661,1001,132.31,3
2023-02-18,100661,1003,52.61,3
2023-02-18,100661,1005,240.12,5
2023-02-18,100662,1004,83.5,5
2023-02-18,100663,1006,173.46,5
2023-02-18,100663,1029,56.97,1
2023-02-18,100663,1025,313.31,5
2023-02-18,100664,1015,35.55,1
2023-02-18,100664,1022,144.78,3
2023-02-18,100665,1004,15.55,1
2023-02-18,100665,1025,244.5,4
2023-02-18,100665,1011,46.42,3
2023-02-18,100665,1015,34.36,1
2023-02-18,100666,1020,12.16,4
2023-02-18,100666,1024,43.69,4
2023-02-18,100666,1010,16.71,4
2023-02-18,100666,1022,47.15,1
2023-02-18,100667,1006,172.07,4
2023-02-18,100667,1001,152.24,4
2023-02-18,100667,1022,37.19,1
2023-02-18,100668,1024,20.24,2
2023-02-18,100669,1004,57.65,4
2023-02-18,100669,1008,40.2,5
2023-02-18,100669,1027,31.14,4
2023-02-18,100669,1014,80.19,5
2023-02-18,100670,1025,50.07,1
2023-02-18,100670,1015,157.4,4
2023-02-18,100671,1024,12.84,1
2023-02-18,100672,1020,10.33,3
2023-02-18,100672,1022,45.42,1
2023-02-18,100672,1011,82.24,5
2023-02-18,100672,1005,160.85,4
2023-02-18,100673,1018,182.43,5
2023-02-18,100673,1011,17.48,1
2023-02-18,100673,1026,21.04,1
2023-02-19,100674,1002,8.85,2
2023-02-19,100675,1005,191.19,4
2023-02-19,100675,1010,24.32,5
2023-02-19,100675,1023,116.34,5
2023-02-19,100675,1013,21.99,5
2023-02-19,100676,1013,13.3,3
2023-02-19,100677,1011,65.48,5
2023-02-19,100677,1002,12.45,3
2023-02-19,100677,1001,165.97,5
2023-02-19,100678,1013,15.32,3
2023-02-19,100678,1004,59.03,4
2023-02-19,100678,1014,26.03,2
2023-02-19,100679,1028,22.18,3
2023-02-19,100680,1022,236.18,5
2023-02-19,100680,1028,21.46,3
2023-02-19,100680,1014,57.92,4
2023-02-19,100680,1019,139.56,3
2023-02-19,100681,1004,46.33,3
2023-02-19,100681,1023,59.35,3
2023-02-19,100681,1022,120.98,3
2023-02-19,100681,1007,192.54,4
2023-02-19,100682,1027,37.16,5
2023-02-19,100683,1026,23.26,1
2023-02-19,100683,1008,34.25,5
2023-02-19,100683,1020,9.27,3
2023-02-19,100683,1024,63.7,5
2023-02-19,100684,1021,144.55,3
2023-02-19,100685,1007,164.91,3
2023-02-19,100685,1014,59.36,4
2023-02-19,100685,1013,20.04,5
2023-02-19,100686,1019,101.38,2
2023-02-19,100686,1016,124.5,4
2023-02-19,100687,1030,37.04,1
2023-02-19,100687,1019,143.3,3
2023-02-19,100687,1024,20.85,2
2023-02-19,100687,1021,159.5,3
2023-02-19,100688,1021,106.39,2
2023-02-19,100689,1009,122.27,5
2023-02-19,100689,1022,74.24,2
2023-02-19,100690,1015,153.78,4
2023-02-19,100690,1016,30.45,1
2023-02-19,100690,1018,95.95,3
2023-02-19,100691,1021,54.92,1
2023-02-19,100691,1028,36.4,4
2023-02-19,100692,1020,3.72,1
2023-02-19,100692,1010,20.7,4
2023-02-19,100692,1028,8.11,1
2023-02-19,100693,1017,87.05,5
2023-02-20,100694,1020,9.44,3
2023-02-20,100694,1004,82.88,5
2023-02-20,100695,1007,121.09,2
2023-02-20,100695,1005,171.99,4
2023-02-20,100695,1004,66.82,5
2023-02-20,100695,1006,196.55,5
2023-02-20,100696,1016,64.19,2
2023-02-20,100696,1022,138.62,3
2023-02-20,100696,1008,8.16,1
2023-02-20,100696,1009,114.1,5
2023-02-20,100697,1023,40.72,2
2023-02-20,100698,1029,50.98,1
2023-02-20,100698,1026,48.39,2
2023-02-20,100698,1022,143.05,4
2023-02-20,100699,1010,8.66,2
2023-02-20,100699,1003,41.39,2
2023-02-20,100699,1030,123.14,3
2023-02-20,100700,1099,27.73,1
2023-02-20,100701,1023,24.2,1
2023-02-20,100701,1014,42.38,3
2023-02-20,100701,1029,147.68,3
2023-02-20,100702,1015,41.08,1
2023-02-20,100702,1023,45.79,2
2023-02-20,100702,1001,65.82,2
2023-02-20,100703,1004,28.55,2
2023-02-21,100704,1016,90.48,3
2023-02-21,100704,1028,46.07,5
2023-02-21,100704,1024,31.78,3
2023-02-21,100704,1005,169.79,4
2023-02-21,100705,1001,202.67,5
2023-02-21,100705,1030,82.71,2
2023-02-21,100706,1002,21.28,5
2023-02-21,100706,1013,11.89,3
2023-02-21,100707,1023,107.93,5
2023-02-21,100708,1004,35.12,2
2023-02-21,100708,1008,21.94,3
2023-02-21,100708,1023,84.92,4
2023-02-21,100708,1007,234.84,4
2023-02-21,100709,1024,42.12,4
2023-02-21,100709,1022,72.06,2
2023-02-21,100709,1007,146.04,3
2023-02-21,100710,1003,63.06,3
2023-02-21,100710,1001,164.02,4
2023-02-21,100710,1016,142.51,4
2023-02-21,100710,1005,204.73,5
2023-02-21,100711,1030,127.08,3
2023-02-21,100711,1008,41.59,5
2023-02-21,100711,1016,28.44,1
2023-02-21,100712,1022,180.95,5
2023-02-21,100712,1012,57.97,2
2023-02-21,100712,1005,220.69,5
2023-02-21,100712,1029,168.78,3
2023-02-21,100713,1005,50.69,1
2023-02-21,100713,1009,118.44,4
2023-02-21,100713,1004,49.88,3
2023-02-21,100713,1011,56.8,4
2023-02-21,100714,1017,28.9,2
2023-02-21,100714,1011,65.72,4
2023-02-21,100714,1014,28.68,2
2023-02-21,100715,1002,7.47,2
2023-02-21,100715,1007,142.55,3
2023-02-21,100715,1005,173.51,4
2023-02-21,100715,1008,26.89,4
2023-02-21,100716,1015,69.72,2
2023-02-21,100716,1016,30.47,1
2023-02-21,100716,1004,41.86,3
2023-02-21,100716,1028,18.03,2
2023-02-21,100717,1019,261.27,5
2023-02-21,100717,1001,75.61,2
2023-02-22,100718,1001,37.54,1
2023-02-22,100718,1010,26.11,5
2023-02-22,100718,1022,46.41,1
2023-02-22,100719,1015,37.33,1
2023-02-22,100719,1021,50.41,1
2023-02-22,100719,1009,100.69,4
2023-02-22,100719,1020,14.72,5
2023-02-22,100720,1011,15.43,1
2023-02-22,100720,1026,105.13,5
2023-02-22,100720,1002,16.1,4
2023-02-22,100721,1003,35.48,2
2023-02-22,100721,1001,144.99,4
2023-02-22,100721,1028,14.82,2
2023-02-22,100721,1007,231.27,4
2023-02-22,100722,1012,34.44,1
2023-02-22,100722,1022,191.14,5
2023-02-22,100723,1019,52.1,1
2023-02-22,100723,1020,10.3,3
2023-02-22,100723,1014,58.65,4
2023-02-22,100724,1022,95.22,2
2023-02-22,100724,1008,40.63,5
2023-02-22,100724,1021,210.04,5
2023-02-22,100724,1023,86.4,4
2023-02-22,100725,1005,146.53,3
2023-02-22,100725,1022,205.77,5
2023-02-22,100726,1017,15.36,1
2023-02-22,100727,1012,33.83,1
2023-02-22,100727,1009,23.46,1
2023-02-22,100727,1019,174.39,4
2023-02-23,100728,1029,269.47,5
2023-02-23,100728,1023,91.41,4
2023-02-23,100728,1010,13.18,3
2023-02-23,100728,1011,27.73,2
2023-02-23,100729,1028,33.86,4
2023-02-23,100729,1022,40.73,1
2023-02-23,100729,1004,13.91,1
2023-02-23,100730,1010,20.18,4
2023-02-23,100730,1020,2.94,1
2023-02-23,100730,1027,7.37,1
2023-02-23,100730,1012,33.14,1
2023-02-23,100731,1021,212.54,4
2023-02-23,100731,1008,35.4,5
2023-02-23,100732,1014,30.26,2
2023-02-23,100732,1001,177.13,4
2023-02-23,100732,1004,52.77,4
2023-02-23,100732,1006,167.74,4
2023-02-23,100733,1002,19.95,4
2023-02-23,100733,1011,65.23,4
2023-02-23,100733,1001,207.64,5
2023-02-23,100733,1004,39.82,3
2023-02-23,100734,1008,7.63,1
2023-02-23,100734,1023,67.14,3
2023-02-23,100734,1002,14.62,3
2023-02-23,100734,1017,68.51,4
2023-02-23,100735,1015,35.31,1
2023-02-23,100735,1023,43.63,2
2023-02-23,100735,1014,51.79,4
2023-02-23,100736,1030,130.59,4
2023-02-23,100736,1020,10.63,3
2023-02-23,100736,1028,38.21,4
2023-02-23,100737,1026,45.25,2
2023-02-23,100737,1016,106.34,3
2023-02-23,100737,1028,8.8,1
2023-02-24,100738,1026,99.06,4
2023-02-24,100739,1001,129.9,3
2023-02-24,100740,1026,20.74,1
2023-02-24,100741,1016,109.23,3
2023-02-24,100741,1009,28.79,1
2023-02-24,100742,1023,24.89,1
2023-02-24,100743,1004,79.88,5
2023-02-24,100744,1006,45.5,1
2023-02-24,100745,1025,50.63,1
2023-02-24,100745,1017,43.61,3
2023-02-24,100745,1016,59.29,2
2023-02-24,100745,1024,22.9,2
2023-02-24,100746,1027,30.99,4
2023-02-24,100746,1026,98.14,5
2023-02-24,100747,1012,67.37,2
2023-02-24,100747,1021,234.83,5
2023-02-24,100747,1022,74.87,2
2023-02-24,100747,1008,30.44,4
2023-02-24,100748,1001,41.37,1
2023-02-24,100748,1015,223.56,5
2023-02-24,100748,1005,42.05,1
2023-02-24,100749,1002,9.77,2
2023-02-24,100749,1013,5.09,1
2023-02-24,100749,1025,323.78,5
2023-02-24,100749,1022,163.29,4
2023-02-24,100750,1024,29.75,3
2023-02-24,100750,1011,51.19,3
2023-02-24,100750,1030,207.53,5
2023-02-24,100751,1029,274.41,5
2023-02-24,100751,1018,152.57,4
2023-02-24,100752,1025,48.6,1
2023-02-24,100752,1007,153.53,3
2023-02-24,100752,1029,101.52,2
2023-02-24,100752,1010,21.56,5
2023-02-24,100753,1099,21.6,1
2023-02-24,100753,1021,247.36,5
2023-02-24,100753,1006,90.03,2
2023-02-25,100754,1027,22.64,3
2023-02-25,100755,1015,120.76,3
2023-02-25,100756,1026,111.26,5
2023-02-25,100756,1024,64.47,5
2023-02-25,100757,1023,118.09,5
2023-02-25,100757,1013,4.21,1
2023-02-25,100758,1015,173.31,4
2023-02-25,100758,1004,13.54,1
2023-02-25,100758,1005,197.91,4
2023-02-25,100759,1022,214.19,5
2023-02-25,100759,1017,68.19,4
2023-02-25,100759,1013,22.19,5
2023-02-25,100760,1024,23.38,2
2023-02-25,100760,1014,60.04,4
2023-02-25,100760,1027,18.61,2
2023-02-25,100760,1006,227.01,5
2023-02-25,100761,1002,14.73,3
2023-02-25,100761,1024,12.03,1
2023-02-25,100761,1006,144.05,4
2023-02-25,100761,1018,110.29,3
2023-02-25,100762,1010,5.03,1
2023-02-25,100762,1012,67.95,2
2023-02-25,100762,1016,115.54,4
2023-02-25,100763,1006,138.65,4
2023-02-25,100763,1027,38.83,5
2023-02-25,100764,1019,157.41,3
2023-02-25,100764,1015,173.6,4
2023-02-25,100764,1029,223.97,5
2023-02-25,100765,1022,110.43,3
2023-02-25,100765,1015,206.79,5
2023-02-25,100765,1005,170.85,4
2023-02-25,100765,1028,31.87,4
2023-02-25,100766,1024,24.81,2
2023-02-25,100766,1009,138.25,5
2023-02-25,100766,1021,147.03,3
2023-02-25,100766,1003,19.17,1
2023-02-25,100767,1019,218.71,5
2023-02-26,100768,1001,71.56,2
2023-02-26,100768,1009,130.71,5
2023-02-26,100769,1019,45.96,1
2023-02-26,100769,1002,8.48,2
2023-02-26,100769,1016,158.15,5
2023-02-26,100769,1028,22.0,3
2023-02-26,100770,1005,39.57,1
2023-02-26,100770,1006,172.4,4
2023-02-26,100770,1009,27.52,1
2023-02-26,100771,1010,16.21,4
2023-02-26,100772,1027,14.99,2
2023-02-26,100772,1029,258.84,5
2023-02-26,100772,1004,61.99,4
2023-02-26,100772,1002,20.99,5
2023-02-26,100773,1018,34.96,1
2023-02-26,100773,1014,31.76,2
2023-02-26,100773,1003,17.07,1
2023-02-26,100773,1016,176.43,5
2023-02-26,100774,1010,18.16,4
2023-02-26,100774,1019,219.75,5
2023-02-26,100775,1026,124.14,5
2023-02-26,100775,1008,38.51,5
2023-02-26,100776,1021,54.48,1
2023-02-26,100776,1006,152.18,4
2023-02-26,100776,1001,128.43,3
2023-02-26,100777,1019,225.49,5
2023-02-26,100777,1027,17.47,2
2023-02-26,100778,1023,126.87,5
2023-02-26,100778,1004,56.38,4
2023-02-26,100778,1027,46.39,5
2023-02-26,100778,1005,148.25,3
2023-02-26,100779,1009,72.74,3
2023-02-26,100779,1008,37.04,5
2023-02-26,100779,1022,87.92,2
2023-02-26,100779,1011,15.71,1
2023-02-26,100780,1014,60.92,4
2023-02-26,100780,1018,156.89,5
2023-02-26,100781,1029,212.38,4
2023-02-27,100782,1006,36.19,1
2023-02-27,100782,1027,27.68,3
2023-02-27,100782,1025,192.5,4
2023-02-27,100782,1026,23.54,1
2023-02-27,100783,1003,95.33,5
2023-02-27,100783,1027,14.96,2
2023-02-27,100784,1016,152.62,5
2023-02-27,100784,1029,115.8,2
2023-02-27,100784,1023,77.63,4
2023-02-27,100785,1018,189.32,5
2023-02-27,100785,1007,270.02,5
2023-02-27,100786,1005,150.26,3
2023-02-27,100787,1007,60.9,1
2023-02-27,100787,1028,43.35,5
2023-02-27,100787,1022,235.0,5
2023-02-27,100788,1028,24.62,3
2023-02-27,100789,1009,106.23,4
2023-02-27,100789,1004,83.4,5
2023-02-27,100789,1022,72.53,2
2023-02-27,100789,1017,61.85,4
2023-02-27,100790,1003,21.11,1
2023-02-27,100790,1029,115.61,2
2023-02-27,100790,1019,220.28,4
2023-02-27,100791,1010,3.95,1
2023-02-27,100791,1003,80.36,4
2023-02-27,100791,1021,262.39,5
2023-02-27,100792,1004,35.24,2
2023-02-27,100792,1016,36.78,1
2023-02-27,100793,1025,250.59,5
2023-02-27,100793,1004,17.42,1
2023-02-27,100793,1021,181.49,4
2023-02-27,100793,1015,42.78,1
2023-02-27,100794,1010,23.97,5
2023-02-27,100795,1010,17.91,4
2023-02-28,100796,1013,23.01,5
2023-02-28,100796,1015,123.59,3
2023-02-28,100796,1026,21.51,1
2023-02-28,100796,1014,43.44,3
2023-02-28,100797,1019,108.56,2
2023-02-28,100798,1014,69.31,5
2023-02-28,100798,1016,59.59,2
2023-02-28,100798,1024,10.1,1
2023-02-28,100799,1010,25.02,5
2023-02-28,100799,1019,95.74,2
2023-02-28,100799,1029,240.14,5
2023-02-28,100800,1002,23.87,5
2023-02-28,100800,1008,43.37,5
2023-02-28,100801,1026,59.24,3
2023-02-28,100801,1003,77.82,4
2023-02-28,100802,1028,39.33,5
2023-02-28,100802,1019,130.03,3
2023-02-28,100802,1011,67.81,4
2023-02-28,100803,1021,101.9,2
2023-02-28,100804,1024,42.47,4
2023-02-28,100804,1025,124.45,2
2023-02-28,100804,1027,7.8,1
2023-02-28,100804,1011,14.55,1
2023-03-01,100805,1021,124.26,3
2023-03-01,100805,1019,43.89,1
2023-03-01,100806,1099,116.41,5
2023-03-01,100806,1006,69.81,2
2023-03-01,100806,1011,51.34,3
2023-03-01,100807,1021,163.55,3
2023-03-01,100807,1026,64.57,3
2023-03-01,100807,1029,165.62,3
2023-03-01,100807,1004,35.08,2
2023-03-01,100808,1029,112.67,2
2023-03-01,100808,1023,48.01,2
2023-03-01,100808,1003,37.09,2
2023-03-01,100808,1004,43.8,3
2023-03-01,100809,1025,290.52,5
2023-03-01,100810,1011,15.81,1
2023-03-01,100810,1008,26.12,3
2023-03-01,100811,1026,43.75,2
2023-03-01,100811,1022,202.34,5
2023-03-01,100811,1020,16.41,5
2023-03-01,100811,1003,58.66,3
2023-03-01,100812,1016,175.14,5
2023-03-01,100812,1009,48.64,2
2023-03-01,100812,1019,95.23,2
2023-03-01,100812,1013,8.6,2
2023-03-01,100813,1030,102.09,3
2023-03-01,100813,1027,7.23,1
2023-03-01,100814,1008,31.39,4
2023-03-01,100814,1019,141.69,3
2023-03-01,100814,1002,17.05,4
2023-03-01,100815,1013,16.32,4
2023-03-01,100815,1001,37.12,1
2023-03-01,100815,1006,38.31,1
2023-03-01,100816,1026,73.96,3
2023-03-01,100817,1011,42.14,3
2023-03-01,100817,1007,143.86,3
2023-03-01,100818,1001,127.82,3
2023-03-01,100818,1025,257.17,4
2023-03-01,100818,1010,24.9,5
2023-03-01,100819,1028,15.36,2
2023-03-01,100819,1013,8.81,2
2023-03-01,100820,1011,29.75,2
2023-03-02,100821,1005,83.22,2
2023-03-02,100821,1019,48.32,1
2023-03-02,100821,1028,23.91,3
2023-03-02,100822,1025,174.29,3
2023-03-02,100822,1023,119.69,5
2023-03-02,100822,1018,64.35,2
2023-03-02,100822,1010,14.14,3
2023-03-02,100823,1013,16.07,4
2023-03-02,100823,1007,50.19,1
2023-03-02,100823,1003,76.57,4
2023-03-02,100823,1018,94.53,3
2023-03-02,100824,1027,40.57,5
2023-03-02,100825,1010,20.06,5
2023-03-02,100825,1007,50.83,1
2023-03-02,100825,1008,7.03,1
2023-03-02,100825,1022,162.73,4
2023-03-02,100826,1005,215.67,5
2023-03-02,100827,1005,83.34,2
2023-03-02,100827,1028,30.02,4
2023-03-02,100828,1017,57.05,4
2023-03-02,100828,1023,25.32,1
2023-03-02,100829,1017,85.41,5
2023-03-02,100829,1011,60.14,4
2023-03-03,100830,1023,63.87,3
2023-03-03,100830,1027,15.86,2
2023-03-03,100830,1026,48.95,2
2023-03-03,100831,1023,21.31,1
2023-03-03,100831,1019,44.48,1
2023-03-03,100832,1022,94.66,2
2023-03-03,100832,1030,169.25,4
2023-03-03,100832,1003,81.21,5
2023-03-03,100833,1014,38.53,3
2023-03-03,100833,1015,38.93,1
2023-03-03,100833,1006,42.6,1
2023-03-03,100834,1024,22.6,2
2023-03-03,100834,1013,4.1,1
2023-03-03,100834,1028,15.87,2
2023-03-03,100835,1023,43.65,2
2023-03-03,100835,1015,130.46,3
2023-03-03,100836,1006,108.56,3
2023-03-03,100837,1022,112.9,3
2023-03-03,100838,1029,230.38,5
2023-03-03,100839,1013,13.09,3
2023-03-03,100840,1030,124.12,3
2023-03-03,100840,1008,13.69,2
2023-03-03,100841,1027,7.45,1
2023-03-03,100841,1007,57.75,1
2023-03-03,100841,1022,89.92,2
2023-03-03,100842,1011,31.57,2
2023-03-03,100842,1018,174.12,5
2023-03-03,100842,1021,170.19,4
2023-03-03,100843,1001,99.05,3
2023-03-03,100843,1013,8.77,2
2023-03-03,100844,1002,8.47,2
2023-03-03,100844,1003,91.81,5
2023-03-03,100844,1029,53.72,1
2023-03-03,100845,1009,125.85,5
2023-03-03,100845,1004,65.19,4
2023-03-04,100846,1021,165.39,3
2023-03-04,100846,1025,196.51,4
2023-03-04,100847,1013,8.89,2
2023-03-04,100847,1017,14.06,1
2023-03-04,100847,1021,259.58,5
2023-03-04,100847,1024,10.99,1
2023-03-04,100848,1002,8.37,2
2023-03-04,100849,1008,44.91,5
2023-03-04,100850,1011,15.3,1
2023-03-04,100850,1021,201.15,4
2023-03-04,100850,1026,70.45,3
2023-03-04,100851,1008,8.79,1
2023-03-04,100851,1007,115.64,2
2023-03-04,100851,1018,74.32,2
2023-03-04,100852,1021,167.21,4
2023-03-04,100852,1001,66.98,2
2023-03-04,100852,1003,41.64,2
2023-03-04,100852,1028,14.67,2
2023-03-04,100853,1008,7.64,1
2023-03-04,100853,1017,57.72,4
2023-03-04,100854,1010,21.1,4
2023-03-04,100854,1019,89.92,2
2023-03-04,100855,1013,17.34,4
2023-03-04,100855,1006,219.01,5
2023-03-04,100855,1016,73.53,2
2023-03-04,100856,1014,43.53,3
2023-03-04,100856,1028,17.03,2
2023-03-04,100856,1003,34.01,2
2023-03-04,100856,1025,212.97,4
2023-03-04,100857,1003,66.64,4
2023-03-04,100857,1011,25.81,2
2023-03-04,100857,1005,236.72,5
2023-03-04,100857,1023,65.89,3
2023-03-04,100858,1013,19.29,5
2023-03-04,100858,1016,38.53,1
2023-03-04,100858,1010,4.45,1
2023-03-04,100859,1099,75.93,3
2023-03-04,100859,1030,153.21,4
2023-03-04,100859,1024,37.1,3
2023-03-04,100860,1008,8.82,1
2023-03-04,100860,1016,104.51,3
2023-03-04,100861,1009,120.8,4
2023-03-04,100861,1020,6.14,2
2023-03-04,100862,1001,40.5,1
2023-03-04,100862,1004,59.9,4
2023-03-04,100863,1017,34.13,2
2023-03-06,100864,1019,42.56,1
2023-03-06,100864,1010,25.03,5
2023-03-06,100864,1024,38.36,3
2023-03-06,100864,1014,45.51,3
2023-03-06,100865,1001,131.57,4
2023-03-06,100865,1006,44.29,1
2023-03-06,100865,1027,32.82,4
2023-03-06,100866,1006,86.83,2
2023-03-06,100866,1012,62.28,2
2023-03-06,100867,1006,43.99,1
2023-03-06,100867,1007,98.13,2
2023-03-06,100868,1028,14.61,2
2023-03-06,100869,1001,154.47,4
2023-03-06,100869,1019,41.09,1
2023-03-06,100869,1008,25.25,3
2023-03-06,100870,1004,31.13,2
2023-03-06,100871,1030,113.87,3
2023-03-06,100871,1016,96.53,3
2023-03-06,100871,1025,195.66,3
2023-03-06,100872,1013,14.56,3
2023-03-06,100872,1020,3.28,1
2023-03-06,100872,1002,18.6,4
2023-03-06,100872,1012,53.49,2
2023-03-06,100873,1012,165.23,5
2023-03-06,100873,1015,158.25,4
2023-03-06,100874,1001,44.35,1
2023-03-06,100874,1021,152.18,3
2023-03-06,100874,1012,64.58,2
2023-03-06,100875,1012,141.84,4
2023-03-06,100876,1024,43.73,4
2023-03-07,100877,1016,31.47,1
2023-03-07,100877,1026,125.29,5
2023-03-07,100878,1016,154.25,5
2023-03-07,100879,1004,71.14,4
2023-03-07,100880,1025,178.38,3
2023-03-07,100880,1009,27.94,1
2023-03-07,100880,1008,40.68,5
2023-03-07,100880,1024,40.84,4
2023-03-07,100881,1021,138.93,3
2023-03-07,100882,1021,210.57,4
2023-03-07,100882,1026,40.42,2
2023-03-07,100882,1018,94.35,3
2023-03-07,100882,1028,7.97,1
2023-03-07,100883,1019,128.49,3
2023-03-07,100884,1010,4.74,1
2023-03-07,100885,1025,113.87,2
2023-03-07,100885,1012,160.68,5
2023-03-07,100885,1026,21.12,1
2023-03-08,100886,1027,29.06,4
2023-03-08,100886,1008,20.92,3
2023-03-08,100886,1016,34.51,1
2023-03-08,100887,1009,132.09,5
2023-03-08,100888,1002,9.63,2
2023-03-08,100888,1026,46.3,2
2023-03-08,100888,1011,17.17,1
2023-03-08,100888,1005,98.1,2
2023-03-08,100889,1001,147.47,4
2023-03-08,100889,1018,165.43,4
2023-03-08,100890,1010,9.8,2
2023-03-08,100890,1023,106.54,5
2023-03-08,100890,1030,69.61,2
2023-03-08,100891,1028,24.81,3
2023-03-08,100892,1010,10.09,2
2023-03-08,100892,1029,108.13,2
2023-03-08,100892,1005,42.38,1
2023-03-08,100892,1007,232.61,5
2023-03-08,100893,1014,12.36,1
2023-03-08,100893,1022,151.87,4
2023-03-08,100893,1027,7.19,1
2023-03-08,100893,1006,213.72,5
2023-03-08,100894,1008,29.39,4
2023-03-08,100894,1002,24.77,5
2023-03-08,100894,1004,67.04,4
2023-03-08,100894,1013,4.82,1
2023-03-08,100895,1021,42.54,1
2023-03-08,100895,1015,34.84,1
2023-03-08,100895,1012,143.23,5
2023-03-08,100896,1009,120.03,5
2023-03-08,100896,1023,101.52,4
2023-03-08,100896,1024,43.8,4
2023-03-08,100896,1004,27.14,2
2023-03-09,100897,1027,44.65,5
2023-03-09,100897,1023,109.72,5
2023-03-09,100897,1001,213.91,5
2023-03-09,100897,1013,23.65,5
2023-03-09,100898,1022,37.98,1
2023-03-09,100898,1029,267.25,5
2023-03-09,100899,1004,70.36,5
2023-03-09,100899,1002,7.61,2
2023-03-09,100899,1005,146.93,3
2023-03-09,100900,1003,18.4,1
2023-03-09,100901,1008,20.21,3
2023-03-09,100902,1023,68.21,3
2023-03-09,100902,1011,69.31,5
2023-03-09,100902,1017,16.07,1
2023-03-09,100902,1030,33.84,1
2023-03-09,100903,1005,202.02,5
2023-03-09,100903,1020,9.28,3
2023-03-09,100904,1009,51.57,2
2023-03-09,100904,1013,5.04,1
2023-03-09,100904,1021,218.3,4
2023-03-09,100905,1021,147.15,3
2023-03-09,100905,1023,113.63,5
2023-03-09,100905,1007,232.59,4
2023-03-09,100906,1001,103.05,3
2023-03-09,100906,1020,3.51,1
2023-03-09,100906,1008,27.13,4
2023-03-09,100906,1003,17.6,1
2023-03-09,100907,1009,25.6,1
2023-03-09,100907,1001,74.71,2
2023-03-10,100908,1019,169.43,4
2023-03-10,100908,1027,25.92,3
2023-03-10,100908,1026,66.47,3
2023-03-10,100909,1011,54.9,4
2023-03-10,100909,1025,287.44,5
2023-03-10,100910,1009,141.62,5
2023-03-10,100910,1001,69.13,2
2023-03-10,100911,1023,107.36,5
2023-03-10,100911,1025,204.5,4
2023-03-10,100911,1008,25.59,3
2023-03-10,100912,1017,28.8,2
2023-03-10,100912,1099,28.68,1
2023-03-10,100912,1023,95.36,4
2023-03-10,100912,1029,52.52,1
2023-03-10,100913,1006,176.77,5
2023-03-10,100914,1026,123.47,5
2023-03-10,100914,1028,16.65,2
2023-03-10,100914,1001,204.92,5
2023-03-10,100914,1014,74.76,5
2023-03-10,100915,1023,93.53,4
2023-03-10,100916,1020,15.16,4
2023-03-10,100917,1017,14.95,1
2023-03-10,100917,1012,112.51,4
2023-03-10,100918,1027,7.62,1
2023-03-10,100918,1018,134.84,4
2023-03-11,100919,1030,202.21,5
2023-03-11,100919,1010,5.23,1
2023-03-11,100920,1012,32.37,1
2023-03-11,100921,1029,192.83,4
2023-03-11,100921,1024,11.42,1
2023-03-11,100921,1006,71.39,2
2023-03-11,100922,1030,125.01,4
2023-03-11,100923,1013,8.98,2
2023-03-11,100923,1012,82.61,3
2023-03-11,100923,1010,19.35,4
2023-03-11,100923,1014,50.58,4
2023-03-11,100924,1029,88.91,2
2023-03-11,100924,1028,21.61,3
2023-03-11,100924,1023,85.97,4
2023-03-11,100925,1016,88.8,3
2023-03-11,100925,1022,170.9,4
2023-03-11,100926,1025,302.49,5
2023-03-11,100926,1029,179.09,4
2023-03-11,100926,1013,4.84,1
2023-03-11,100927,1025,97.72,2
2023-03-11,100928,1014,52.78,4
2023-03-11,100929,1024,21.55,2
2023-03-11,100929,1017,17.01,1
2023-03-11,100930,1023,113.84,5
2023-03-11,100930,1026,50.19,2
2023-03-11,100930,1004,80.33,5
2023-03-11,100930,1024,21.41,2
2023-03-11,100931,1030,125.49,4
2023-03-11,100931,1005,77.43,2
2023-03-11,100932,1023,41.84,2
2023-03-11,100932,1021,166.7,4
2023-03-11,100932,1008,32.64,4
2023-03-11,100933,1012,59.1,2
2023-03-11,100933,1023,19.88,1
2023-03-11,100933,1014,12.17,1
2023-03-11,100934,1009,96.15,4
2023-03-11,100934,1030,141.02,4
2023-03-11,100934,1020,8.78,3
2023-03-11,100934,1004,16.32,1
2023-03-11,100935,1024,58.85,5
2023-03-11,100935,1026,60.22,3
2023-03-11,100935,1012,85.51,3
2023-03-11,100936,1021,212.71,5
2023-03-11,100936,1024,66.67,5
2023-03-11,100937,1007,239.31,4
2023-03-11,100937,1023,24.99,1
2023-03-12,100938,1018,61.94,2
2023-03-12,100938,1024,22.75,2
2023-03-12,100939,1029,56.77,1
2023-03-12,100939,1012,31.11,1
2023-03-12,100939,1015,222.82,5
2023-03-12,100940,1023,25.08,1
2023-03-12,100940,1005,48.21,1
2023-03-12,100940,1010,9.91,2
2023-03-12,100941,1006,175.99,4
2023-03-12,100942,1020,2.97,1
2023-03-12,100942,1009,54.68,2
2023-03-12,100942,1007,59.08,1
2023-03-12,100942,1006,201.58,5
2023-03-12,100943,1028,25.53,3
2023-03-12,100943,1008,14.32,2
2023-03-12,100943,1010,21.24,5
2023-03-12,100944,1030,38.38,1
2023-03-12,100944,1005,101.68,2
2023-03-12,100944,1009,53.75,2
2023-03-12,100945,1011,70.56,5
2023-03-12,100945,1003,35.7,2
2023-03-12,100945,1023,103.22,5
2023-03-12,100946,1027,22.33,3
2023-03-12,100947,1024,53.01,4
2023-03-12,100948,1027,15.41,2
2023-03-12,100948,1015,80.73,2
2023-03-12,100949,1015,151.22,4
2023-03-12,100949,1008,27.39,4
2023-03-12,100950,1007,240.46,4
2023-03-12,100950,1019,100.99,2
2023-03-12,100951,1027,36.83,5
2023-03-12,100951,1013,7.72,2
2023-03-12,100952,1004,15.95,1
2023-03-12,100952,1024,45.02,4
2023-03-12,100952,1017,16.84,1
2023-03-12,100952,1005,39.27,1
2023-03-12,100953,1026,24.86,1
2023-03-12,100954,1007,105.27,2
2023-03-12,100955,1010,16.52,4
2023-03-12,100955,1011,15.41,1
2023-03-12,100956,1004,72.5,5
2023-03-12,100957,1008,30.18,4
2023-03-13,100958,1016,77.03,2
2023-03-13,100959,1003,17.58,1
2023-03-13,100959,1020,3.72,1
2023-03-13,100959,1011,67.94,5
2023-03-13,100960,1022,94.26,2
2023-03-13,100960,1014,43.91,3
2023-03-13,100961,1030,124.93,3
2023-03-13,100961,1016,36.45,1
2023-03-13,100961,1022,91.3,2
2023-03-13,100962,1024,10.29,1
2023-03-13,100962,1026,99.5,4
2023-03-13,100962,1016,89.6,3
2023-03-13,100962,1027,28.11,3
2023-03-13,100963,1016,138.15,4
2023-03-13,100963,1014,37.63,3
2023-03-13,100963,1023,42.47,2
2023-03-13,100964,1018,36.86,1
2023-03-13,100964,1027,32.84,4
2023-03-13,100964,1008,16.6,2
2023-03-13,100964,1013,8.5,2
2023-03-13,100965,1018,81.19,2
2023-03-13,100965,1016,37.7,1
2023-03-13,100965,1099,83.77,3
2023-03-13,100966,1015,225.26,5
2023-03-13,100966,1005,163.04,4
2023-03-13,100966,1027,14.08,2
2023-03-13,100967,1013,4.71,1
2023-03-13,100967,1024,44.84,4
2023-03-13,100968,1001,103.64,3
2023-03-13,100968,1005,77.06,2
2023-03-13,100969,1025,243.2,4
2023-03-13,100969,1006,216.74,5
2023-03-13,100970,1015,36.82,1
2023-03-13,100970,1026,37.77,2
2023-03-13,100970,1021,49.64,1
2023-03-13,100971,1027,33.11,4
2023-03-13,100971,1014,47.71,3
2023-03-13,100971,1022,197.96,5
2023-03-13,100971,1029,98.54,2
2023-03-13,100972,1005,191.22,5
2023-03-13,100972,1024,42.17,4
2023-03-13,100972,1007,273.25,5
2023-03-13,100972,1013,4.87,1
2023-03-14,100973,1006,148.26,4
2023-03-14,100973,1002,3.83,1
2023-03-14,100973,1026,67.51,3
2023-03-14,100973,1012,80.3,3
2023-03-14,100974,1006,37.28,1
2023-03-14,100974,1018,38.79,1
2023-03-14,100974,1004,41.96,3
2023-03-14,100975,1009,135.6,5
2023-03-14,100975,1003,105.45,5
2023-03-14,100976,1010,5.29,1
2023-03-14,100977,1025,194.33,3
2023-03-14,100977,1013,4.21,1
2023-03-14,100977,1024,51.24,5
2023-03-14,100978,1016,90.11,3
2023-03-14,100978,1019,168.44,4
2023-03-14,100978,1028,9.54,1
2023-03-14,100978,1002,9.72,2
2023-03-14,100979,1017,80.09,5
2023-03-14,100979,1024,34.44,3
2023-03-14,100980,1002,16.02,4
2023-03-14,100980,1029,260.45,5
2023-03-14,100980,1023,44.94,2
2023-03-14,100980,1025,198.58,4
2023-03-14,100981,1018,35.96,1
2023-03-14,100981,1028,31.61,4
2023-03-14,100981,1026,58.69,3
2023-03-14,100982,1003,39.09,2
2023-03-14,100983,1025,128.38,2
2023-03-14,100983,1029,251.32,5
2023-03-14,100983,1015,131.09,3
2023-03-14,100984,1015,217.63,5
2023-03-14,100984,1012,90.19,3
2023-03-14,100985,1029,288.96,5
2023-03-14,100985,1022,45.18,1
2023-03-14,100985,1002,9.23,2
2023-03-14,100986,1010,16.54,4
2023-03-14,100987,1022,175.64,4
2023-03-14,100987,1003,64.7,4
2023-03-14,100987,1012,66.96,2
2023-03-14,100987,1015,170.42,4
2023-03-15,100988,1020,11.71,4
2023-03-15,100988,1016,115.11,4
2023-03-15,100988,1007,120.4,2
2023-03-15,100989,1020,11.5,4
2023-03-15,100990,1002,4.95,1
2023-03-15,100990,1007,196.94,4
2023-03-15,100991,1009,92.8,4
2023-03-15,100992,1017,41.5,3
2023-03-15,100992,1007,46.37,1
2023-03-15,100992,1022,160.21,4
2023-03-15,100992,1029,135.85,3
2023-03-15,100993,1018,137.52,4
2023-03-15,100993,1023,106.38,5
2023-03-15,100993,1026,22.22,1
2023-03-15,100993,1006,185.57,5
2023-03-15,100994,1011,38.86,3
2023-03-15,100994,1022,190.61,4
2023-03-15,100995,1009,120.76,4
2023-03-15,100995,1017,31.88,2
2023-03-15,100995,1024,51.17,5
2023-03-15,100995,1001,83.4,2
2023-03-15,100996,1020,6.33,2
2023-03-15,100996,1013,10.16,2
2023-03-15,100997,1029,53.51,1
2023-03-15,100997,1010,17.98,4
2023-03-15,100997,1017,43.86,3
2023-03-15,100998,1004,60.48,4
2023-03-15,100998,1030,74.76,2
2023-03-15,100998,1006,82.81,2
2023-03-15,100999,1021,55.39,1
2023-03-15,100999,1010,4.04,1
2023-03-15,100999,1023,22.8,1
2023-03-15,100999,1020,11.67,4
2023-03-15,101000,1021,192.66,4
2023-03-15,101001,1007,255.16,5
2023-03-15,101001,1008,17.33,2
2023-03-15,101001,1025,54.02,1
2023-03-15,101001,1015,153.35,4
2023-03-16,101002,1012,62.68,2
2023-03-16,101003,1022,144.33,4
2023-03-16,101003,1008,6.99,1
2023-03-16,101003,1001,128.48,3
2023-03-16,101003,1029,276.85,5
2023-03-16,101004,1008,40.81,5
2023-03-16,101004,1018,39.28,1
2023-03-16,101004,1013,21.72,5
2023-03-16,101004,1007,242.66,4
2023-03-16,101005,1014,15.0,1
2023-03-16,101005,1008,15.66,2
2023-03-16,101006,1027,22.22,3
2023-03-16,101006,1018,30.77,1
2023-03-16,101006,1006,42.48,1
2023-03-16,101007,1019,165.29,4
2023-03-16,101008,1006,76.68,2
2023-03-16,101008,1008,43.15,5
2023-03-16,101008,1021,208.33,4
2023-03-16,101009,1021,267.5,5
2023-03-16,101009,1001,38.31,1
2023-03-16,101010,1009,23.17,1
2023-03-16,101010,1029,170.39,3
2023-03-16,101010,1006,79.02,2
2023-03-16,101011,1026,99.49,4
2023-03-16,101011,1001,35.36,1
2023-03-16,101011,1014,54.26,4
2023-03-16,101011,1003,57.34,3
2023-03-16,101012,1001,201.73,5
2023-03-16,101012,1029,44.55,1
2023-03-16,101012,1006,141.09,3
2023-03-16,101013,1006,219.43,5
2023-03-16,101014,1018,36.17,1
2023-03-16,101015,1001,70.95,2
2023-03-16,101015,1011,28.26,2
2023-03-16,101016,1023,65.4,3
2023-03-16,101016,1018,141.09,4
2023-03-16,101016,1021,217.26,4
2023-03-17,101017,1004,72.85,5
2023-03-17,101017,1019,110.02,2
2023-03-17,101017,1026,85.49,4
2023-03-17,101017,1025,221.12,4
2023-03-17,101018,1099,98.77,4
2023-03-17,101019,1015,88.12,2
2023-03-17,101020,1010,22.04,5
2023-03-17,101020,1020,2.93,1
2023-03-17,101020,1027,23.9,3
2023-03-17,101020,1029,96.51,2
2023-03-17,101021,1005,37.62,1
2023-03-17,101021,1025,60.34,1
2023-03-17,101021,1011,30.09,2
2023-03-17,101022,1013,13.73,3
2023-03-17,101023,1019,204.02,4
2023-03-17,101024,1007,211.72,4
2023-03-17,101024,1002,12.74,3
2023-03-17,101025,1019,206.32,5
2023-03-17,101025,1013,4.63,1
2023-03-17,101025,1008,44.91,5
2023-03-17,101026,1002,18.7,5
2023-03-17,101026,1029,43.82,1
2023-03-17,101026,1018,39.6,1
2023-03-17,101026,1030,157.17,4
2023-03-17,101027,1003,75.97,4
2023-03-17,101027,1018,135.05,4
2023-03-17,101027,1025,225.92,4
2023-03-17,101027,1011,16.8,1
2023-03-17,101028,1002,3.87,1
2023-03-17,101028,1027,27.12,3
2023-03-17,101029,1027,9.22,1
2023-03-17,101029,1029,46.75,1
2023-03-17,101029,1018,31.7,1
2023-03-18,101030,1009,54.54,2
2023-03-18,101030,1023,19.51,1
2023-03-18,101030,1006,88.05,2
2023-03-18,101030,1030,153.29,4
2023-03-18,101031,1019,221.37,4
2023-03-18,101031,1016,108.85,3
2023-03-18,101032,1023,121.38,5
2023-03-18,101032,1003,38.51,2
2023-03-18,101032,1012,66.26,2
2023-03-18,101033,1001,76.83,2
2023-03-18,101033,1022,152.3,4
2023-03-18,101034,1025,237.11,4
2023-03-18,101034,1010,20.31,5
2023-03-18,101034,1023,40.26,2
2023-03-18,101035,1025,98.3,2
2023-03-18,101035,1013,15.94,4
2023-03-18,101036,1005,197.25,4
2023-03-18,101037,1006,201.41,5
2023-03-18,101037,1009,70.49,3
2023-03-18,101037,1001,169.35,5
2023-03-18,101037,1016,122.22,4
2023-03-18,101038,1002,11.45,3
2023-03-18,101038,1015,168.68,4
2023-03-18,101038,1009,96.44,4
2023-03-18,101039,1017,75.0,5
2023-03-18,101039,1020,3.47,1
2023-03-18,101039,1016,30.63,1
2023-03-18,101040,1008,7.28,1
2023-03-18,101040,1003,97.41,5
2023-03-18,101040,1018,139.16,4
2023-03-18,101041,1016,63.88,2
2023-03-18,101041,1007,168.83,3
2023-03-18,101041,1006,131.37,3
2023-03-18,101042,1024,20.99,2
2023-03-18,101042,1010,4.15,1
2023-03-18,101042,1028,28.2,3
2023-03-18,101042,1030,83.95,2
2023-03-18,101043,1006,136.88,3
2023-03-18,101044,1020,11.38,3
2023-03-18,101045,1002,4.44,1
2023-03-18,101046,1025,49.69,1
2023-03-18,101046,1005,130.79,3
2023-03-18,101047,1022,124.66,3
2023-03-18,101047,1016,94.39,3
2023-03-18,101047,1009,89.31,3
2023-03-19,101048,1009,142.23,5
2023-03-19,101049,1022,126.16,3
2023-03-19,101049,1005,90.56,2
2023-03-19,101050,1024,26.33,2
2023-03-19,101050,1003,76.56,4
2023-03-19,101051,1029,169.25,3
2023-03-19,101051,1017,62.91,4
2023-03-19,101051,1006,115.48,3
2023-03-19,101051,1009,27.24,1
2023-03-19,101052,1014,57.55,4
2023-03-19,101053,1030,74.09,2
2023-03-19,101053,1022,131.01,3
2023-03-19,101053,1005,83.17,2
2023-03-19,101053,1015,102.45,3
2023-03-19,101054,1010,20.43,5
2023-03-19,101054,1027,30.64,4
2023-03-19,101055,1009,50.76,2
2023-03-19,101056,1003,49.08,3
2023-03-19,101056,1023,43.13,2
2023-03-19,101057,1016,92.79,3
2023-03-19,101058,1029,155.82,3
2023-03-19,101058,1004,31.52,2
2023-03-19,101058,1009,87.19,3
2023-03-19,101058,1030,77.69,2
2023-03-19,101059,1010,14.13,3
2023-03-19,101059,1003,74.48,4
2023-03-19,101060,1004,46.43,3
2023-03-19,101060,1005,131.43,3
2023-03-19,101060,1017,60.62,4
2023-03-19,101060,1015,155.67,4
2023-03-19,101061,1003,59.91,3
2023-03-19,101061,1025,284.03,5
2023-03-19,101061,1005,91.73,2
2023-03-19,101061,1020,18.51,5
2023-03-19,101062,1013,4.39,1
2023-03-19,101062,1022,207.86,5
2023-03-19,101063,1011,66.7,5
2023-03-19,101064,1004,81.4,5
2023-03-19,101065,1017,82.17,5
2023-03-19,101065,1005,157.31,4
2023-03-19,101066,1010,14.78,3
2023-03-19,101066,1021,52.6,1
2023-03-19,101067,1017,14.13,1
2023-03-20,101068,1002,17.32,4
2023-03-20,101068,1030,80.76,2
2023-03-20,101068,1004,71.64,5
2023-03-20,101068,1010,24.36,5
2023-03-20,101069,1005,97.07,2
2023-03-20,101069,1021,86.56,2
2023-03-20,101069,1001,176.23,5
2023-03-20,101069,1006,153.02,4
2023-03-20,101070,1012,132.62,4
2023-03-20,101070,1022,41.62,1
2023-03-20,101070,1009,94.96,4
2023-03-20,101070,1013,13.14,3
2023-03-20,101071,1099,124.05,5
2023-03-20,101071,1021,164.72,3
2023-03-20,101071,1029,225.32,4
2023-03-20,101072,1012,142.55,5
2023-03-20,101072,1017,74.0,5
2023-03-20,101073,1021,142.56,3
2023-03-20,101073,1024,21.76,2
2023-03-20,101073,1019,163.69,3
2023-03-20,101074,1013,9.09,2
2023-03-20,101074,1016,181.56,5
2023-03-20,101074,1020,15.37,5
2023-03-20,101074,1022,129.67,3
2023-03-20,101075,1003,33.72,2
2023-03-20,101075,1002,4.35,1
2023-03-20,101075,1001,146.82,4
2023-03-20,101075,1028,19.22,2
2023-03-20,101076,1004,33.07,2
2023-03-20,101076,1029,217.53,4
2023-03-20,101077,1004,15.18,1
2023-03-20,101077,1002,13.48,3
2023-03-20,101077,1028,9.46,1
2023-03-20,101078,1021,218.53,5
2023-03-20,101078,1019,144.57,3
2023-03-20,101079,1014,77.14,5
2023-03-20,101079,1027,14.23,2
2023-03-20,101080,1007,57.96,1
2023-03-20,101081,1011,32.11,2
2023-03-20,101082,1017,84.81,5
2023-03-20,101082,1012,30.69,1
2023-03-20,101082,1020,14.79,4
2023-03-20,101082,1029,219.76,5
2023-03-20,101083,1016,57.83,2
2023-03-21,101084,1013,4.94,1
2023-03-21,101084,1023,50.33,2
2023-03-21,101084,1012,31.6,1
2023-03-21,101085,1028,41.89,5
2023-03-21,101085,1017,63.46,4
2023-03-21,101086,1030,34.97,1
2023-03-21,101086,1009,72.49,3
2023-03-21,101086,1021,42.82,1
2023-03-21,101086,1001,212.71,5
2023-03-21,101087,1008,27.2,4
2023-03-21,101088,1020,16.49,5
2023-03-21,101088,1024,21.7,2
2023-03-21,101088,1030,32.34,1
2023-03-21,101088,1003,73.63,4
2023-03-21,101089,1026,37.26,2
2023-03-21,101089,1028,7.17,1
2023-03-21,101089,1029,101.94,2
2023-03-21,101090,1018,124.24,4
2023-03-21,101091,1023,21.6,1
2023-03-21,101091,1014,80.88,5
2023-03-21,101091,1018,103.05,3
2023-03-21,101091,1005,130.14,3
2023-03-21,101092,1008,33.63,4
2023-03-21,101093,1027,7.04,1
2023-03-21,101093,1002,15.71,4
2023-03-21,101094,1010,22.36,5
2023-03-21,101094,1005,46.35,1
2023-03-21,101095,1023,43.28,2
2023-03-21,101095,1024,39.72,3
2023-03-21,101095,1027,38.14,5
2023-03-21,101095,1012,63.05,2
2023-03-21,101096,1002,14.65,3
2023-03-22,101097,1010,21.05,5
2023-03-22,101097,1024,37.4,3
2023-03-22,101098,1021,48.1,1
2023-03-22,101098,1025,52.63,1
2023-03-22,101098,1015,189.95,5
2023-03-22,101098,1004,13.38,1
2023-03-22,101099,1028,32.33,4
2023-03-22,101100,1018,36.43,1
2023-03-22,101100,1002,14.79,3
2023-03-22,101100,1022,226.74,5
2023-03-22,101100,1010,15.64,3
2023-03-22,101101,1025,181.48,3
2023-03-22,101101,1001,190.06,5
2023-03-22,101102,1026,22.17,1
2023-03-22,101103,1014,65.34,5
2023-03-22,101103,1019,191.36,4
2023-03-22,101103,1024,20.71,2
2023-03-22,101103,1025,52.81,1
2023-03-22,101104,1025,161.37,3
2023-03-22,101104,1018,123.64,4
2023-03-22,101105,1026,92.85,5
2023-03-22,101105,1021,147.36,3
2023-03-22,101105,1025,187.19,3
2023-03-22,101106,1015,38.98,1
2023-03-22,101107,1014,79.94,5
2023-03-22,101107,1002,14.63,3
2023-03-23,101108,1009,73.93,3
2023-03-23,101108,1025,200.64,4
2023-03-23,101109,1008,8.19,1
2023-03-23,101110,1002,7.54,2
2023-03-23,101110,1018,123.58,3
2023-03-23,101110,1023,23.22,1
2023-03-23,101111,1020,6.33,2
2023-03-23,101112,1008,14.8,2
2023-03-23,101113,1021,214.53,4
2023-03-23,101114,1011,45.21,3
2023-03-23,101114,1014,43.88,3
2023-03-23,101114,1029,96.84,2
2023-03-23,101115,1004,70.49,5
2023-03-23,101116,1007,227.01,5
2023-03-23,101116,1013,8.56,2
2023-03-23,101116,1027,9.27,1
2023-03-23,101117,1018,196.24,5
2023-03-23,101117,1024,57.84,5
2023-03-23,101117,1004,77.77,5
2023-03-23,101117,1028,23.36,3
2023-03-23,101118,1011,41.88,3
2023-03-23,101118,1008,25.23,3
2023-03-23,101119,1012,35.23,1
2023-03-23,101119,1003,75.81,4
2023-03-23,101119,1018,156.47,4
2023-03-23,101119,1017,31.27,2
2023-03-23,101120,1025,238.41,4
2023-03-23,101120,1030,75.94,2
2023-03-23,101121,1003,71.69,4
2023-03-23,101122,1019,108.43,2
2023-03-23,101122,1016,114.18,4
2023-03-23,101123,1024,12.86,1
2023-03-23,101123,1004,16.35,1
2023-03-23,101123,1005,39.27,1
2023-03-23,101123,1028,47.24,5
2023-03-24,101124,1099,23.98,1
2023-03-24,101124,1010,14.24,3
2023-03-24,101125,1015,169.1,4
2023-03-24,101125,1030,137.69,4
2023-03-24,101125,1014,59.85,4
2023-03-24,101126,1005,45.5,1
2023-03-24,101127,1015,183.65,5
2023-03-24,101127,1006,37.53,1
2023-03-24,101127,1017,58.27,4
2023-03-24,101128,1010,10.51,2
2023-03-24,101128,1011,16.66,1
2023-03-24,101128,1013,8.69,2
2023-03-24,101128,1025,173.68,3
2023-03-24,101129,1006,122.12,3
2023-03-24,101129,1004,34.55,2
2023-03-24,101129,1010,15.71,3
2023-03-24,101130,1030,77.31,2
2023-03-24,101131,1001,44.23,1
2023-03-24,101131,1020,16.79,5
2023-03-24,101132,1012,58.38,2
2023-03-24,101133,1010,4.54,1
2023-03-24,101133,1030,146.84,4
2023-03-24,101133,1004,17.18,1
2023-03-24,101133,1023,70.73,3
2023-03-24,101134,1024,24.95,2
2023-03-24,101135,1021,51.15,1
2023-03-24,101135,1024,39.19,3
2023-03-24,101135,1017,15.0,1
2023-03-24,101135,1022,198.7,5
2023-03-24,101136,1021,44.38,1
2023-03-24,101137,1009,52.94,2
2023-03-24,101137,1016,71.77,2
2023-03-24,101138,1017,25.98,2
2023-03-25,101139,1014,43.77,3
2023-03-25,101140,1029,112.43,2
2023-03-25,101140,1010,18.41,4
2023-03-25,101141,1010,13.51,3
2023-03-25,101141,1004,58.54,4
2023-03-25,101141,1008,27.6,4
2023-03-25,101141,1029,229.87,4
2023-03-25,101142,1023,97.23,4
2023-03-25,101142,1005,182.4,4
2023-03-25,101142,1025,96.93,2
2023-03-25,101142,1029,151.68,3
2023-03-25,101143,1018,100.08,3
2023-03-25,101144,1014,13.1,1
2023-03-25,101144,1013,8.45,2
2023-03-25,101144,1009,25.04,1
2023-03-25,101144,1030,134.64,4
2023-03-25,101145,1020,15.73,5
2023-03-25,101146,1003,59.58,3
2023-03-25,101146,1025,245.29,5
2023-03-25,101146,1023,22.15,1
2023-03-25,101146,1011,46.12,3
2023-03-25,101147,1028,18.86,2
2023-03-25,101147,1023,64.32,3
2023-03-25,101147,1008,41.87,5
2023-03-25,101147,1010,3.96,1
2023-03-25,101148,1017,66.69,4
2023-03-25,101149,1021,82.54,2
2023-03-25,101149,1025,62.0,1
2023-03-25,101150,1028,28.61,4
2023-03-25,101150,1003,94.76,5
2023-03-25,101150,1017,26.84,2
2023-03-25,101151,1026,117.18,5
2023-03-25,101151,1011,42.48,3
2023-03-25,101151,1014,24.76,2
2023-03-25,101152,1010,18.81,4
2023-03-25,101152,1014,52.69,4
2023-03-25,101152,1003,92.0,5
2023-03-25,101152,1008,26.66,4
2023-03-25,101153,1025,55.77,1
2023-03-25,101153,1018,205.95,5
2023-03-25,101153,1023,95.38,4
2023-03-26,101154,1011,13.33,1
2023-03-26,101154,1005,80.58,2
2023-03-26,101154,1026,89.75,4
2023-03-26,101155,1017,26.5,2
2023-03-26,101155,1024,43.14,4
2023-03-26,101155,1027,26.22,3
2023-03-26,101155,1019,82.98,2
2023-03-26,101156,1009,57.33,2
2023-03-26,101157,1011,61.1,4
2023-03-26,101157,1015,44.44,1
2023-03-26,101158,1025,113.88,2
2023-03-26,101158,1001,34.84,1
2023-03-26,101159,1028,33.46,4
2023-03-26,101159,1004,76.99,5
2023-03-26,101159,1002,21.21,5
2023-03-26,101159,1029,47.32,1
2023-03-26,101160,1017,46.83,3
2023-03-26,101160,1011,27.09,2
2023-03-26,101160,1020,17.53,5
2023-03-26,101161,1017,60.55,4
2023-03-26,101161,1020,11.25,3
2023-03-26,101161,1009,47.74,2
2023-03-26,101162,1014,48.95,4
2023-03-26,101162,1006,38.53,1
2023-03-26,101162,1005,80.35,2
2023-03-26,101163,1002,21.55,5
2023-03-26,101164,1012,35.35,1
2023-03-26,101164,1021,134.84,3
2023-03-26,101165,1012,141.65,4
2023-03-26,101165,1020,16.8,5
2023-03-26,101165,1025,98.6,2
2023-03-26,101166,1006,36.22,1
2023-03-26,101166,1009,136.51,5
2023-03-26,101166,1019,183.27,4
2023-03-26,101167,1026,114.68,5
2023-03-26,101167,1024,42.53,4
2023-03-26,101167,1028,9.1,1
2023-03-27,101168,1006,38.67,1
2023-03-27,101168,1016,29.79,1
2023-03-27,101169,1017,31.18,2
2023-03-27,101169,1025,245.3,4
2023-03-27,101169,1004,59.1,4
2023-03-27,101170,1029,278.56,5
2023-03-27,101171,1023,89.71,4
2023-03-27,101171,1005,187.47,4
2023-03-27,101171,1027,25.81,3
2023-03-27,101172,1006,135.91,3
2023-03-27,101172,1001,124.49,3
2023-03-27,101172,1028,17.35,2
2023-03-27,101173,1013,10.05,2
2023-03-27,101173,1012,28.37,1
2023-03-27,101174,1011,51.41,3
2023-03-27,101174,1004,87.23,5
2023-03-27,101174,1030,171.2,5
2023-03-27,101175,1002,4.98,1
2023-03-27,101175,1023,24.46,1
2023-03-27,101175,1009,122.51,4
2023-03-27,101175,1021,191.89,4
2023-03-27,101176,1002,11.18,3
2023-03-27,101177,1099,21.82,1
2023-03-27,101177,1014,13.3,1
2023-03-27,101178,1011,51.16,3
2023-03-28,101179,1022,164.03,4
2023-03-28,101180,1027,36.33,5
2023-03-28,101180,1025,148.24,3
2023-03-28,101181,1023,79.3,4
2023-03-28,101181,1017,14.43,1
2023-03-28,101182,1019,273.32,5
2023-03-28,101182,1027,7.19,1
2023-03-28,101182,1023,19.89,1
2023-03-28,101182,1003,16.6,1
2023-03-28,101183,1026,45.47,2
2023-03-28,101183,1001,135.35,4
2023-03-28,101184,1024,21.99,2
2023-03-28,101184,1025,240.6,4
2023-03-28,101185,1014,26.25,2
2023-03-28,101185,1008,14.09,2
2023-03-28,101185,1027,22.63,3
2023-03-28,101186,1012,153.95,5
2023-03-28,101186,1025,97.19,2
2023-03-28,101186,1021,232.18,5
2023-03-28,101187,1012,85.44,3
2023-03-28,101187,1021,244.36,5
2023-03-28,101187,1026,57.27,3
2023-03-28,101187,1022,77.96,2
2023-03-28,101188,1017,30.39,2
2023-03-28,101189,1022,134.0,3
2023-03-28,101189,1019,161.3,3
2023-03-28,101189,1029,45.19,1
2023-03-28,101189,1002,16.53,4
2023-03-28,101190,1010,20.87,5
2023-03-28,101190,1006,40.11,1
2023-03-28,101190,1015,194.3,5
2023-03-28,101191,1016,103.59,3
2023-03-28,101191,1027,34.34,4
2023-03-28,101191,1008,20.16,3
2023-03-28,101191,1009,57.46,2
2023-03-28,101192,1014,58.01,4
2023-03-28,101192,1025,113.61,2
2023-03-28,101192,1009,89.19,3
2023-03-28,101192,1019,219.38,5
2023-03-29,101193,1026,71.29,3
2023-03-29,101193,1002,9.5,2
2023-03-29,101193,1003,71.12,4
2023-03-29,101194,1029,142.45,3
2023-03-29,101194,1006,75.17,2
2023-03-29,101195,1005,244.5,5
2023-03-29,101195,1022,107.18,3
2023-03-29,101196,1012,126.98,4
2023-03-29,101196,1004,65.58,4
2023-03-29,101197,1023,21.27,1
2023-03-29,101197,1008,25.33,3
2023-03-29,101197,1025,109.73,2
2023-03-29,101197,1030,123.76,3
2023-03-29,101198,1020,9.92,3
2023-03-29,101198,1013,18.99,5
2023-03-29,101198,1018,162.21,5
2023-03-29,101198,1003,35.26,2
2023-03-29,101199,1030,73.57,2
2023-03-29,101199,1003,16.75,1
2023-03-29,101199,1021,168.55,4
2023-03-29,101199,1008,32.74,4
2023-03-29,101200,1022,143.91,3
2023-03-29,101200,1027,29.38,4
2023-03-29,101200,1016,141.44,4
2023-03-29,101200,1002,4.3,1
2023-03-29,101201,1021,210.28,4
2023-03-29,101202,1022,164.34,4
2023-03-29,101202,1015,37.01,1
2023-03-29,101202,1001,124.97,3
2023-03-29,101202,1016,34.56,1
2023-03-29,101203,1025,187.62,3
2023-03-29,101203,1016,88.59,3
2023-03-29,101203,1023,50.5,2
2023-03-30,101204,1001,179.63,5
2023-03-30,101204,1011,83.29,5
2023-03-30,101205,1015,101.56,3
2023-03-30,101206,1029,266.57,5
2023-03-30,101207,1025,262.88,5
2023-03-30,101207,1027,23.36,3
2023-03-30,101207,1001,38.16,1
2023-03-30,101208,1012,31.57,1
2023-03-30,101209,1005,92.06,2
2023-03-30,101210,1023,112.43,5
2023-03-30,101210,1020,2.89,1
2023-03-30,101210,1008,20.15,3
2023-03-30,101210,1030,210.69,5
2023-03-30,101211,1017,44.85,3
2023-03-30,101211,1024,10.54,1
2023-03-30,101211,1003,58.82,3
2023-03-30,101211,1011,16.77,1
2023-03-30,101212,1019,150.07,3
2023-03-30,101212,1009,147.34,5
2023-03-30,101213,1019,180.0,4
2023-03-30,101213,1016,62.43,2
2023-03-30,101213,1007,54.64,1
2023-03-31,101214,1014,24.06,2
2023-03-31,101215,1020,3.04,1
2023-03-31,101215,1026,23.21,1
2023-03-31,101215,1021,83.42,2
2023-03-31,101215,1011,48.8,3
2023-03-31,101216,1021,191.03,4
2023-03-31,101216,1020,14.13,5
2023-03-31,101216,1011,43.11,3
2023-03-31,101216,1018,128.61,4
2023-03-31,101217,1022,122.51,3
2023-03-31,101217,1013,25.37,5
2023-03-31,101218,1003,88.15,5
2023-03-31,101218,1007,171.02,3
2023-03-31,101218,1024,49.15,4
2023-03-31,101219,1020,16.25,5
2023-03-31,101219,1012,33.67,1
2023-03-31,101220,1013,19.7,5
2023-03-31,101220,1030,209.12,5
2023-03-31,101221,1004,41.83,3
2023-03-31,101221,1019,104.51,2
2023-03-31,101222,1012,145.8,5
2023-03-31,101222,1025,176.54,3
2023-03-31,101222,1007,158.97,3
2023-03-31,101222,1014,68.19,5
2023-03-31,101223,1010,10.43,2
2023-03-31,101223,1027,15.79,2
2023-03-31,101223,1030,37.15,1
2023-03-31,101223,1015,127.62,3
2023-03-31,101224,1013,23.24,5
2023-03-31,101225,1005,221.4,5
2023-03-31,101225,1020,3.42,1
2023-03-31,101226,1020,17.23,5
2023-03-31,101226,1008,8.9,1
2023-03-31,101226,1006,43.9,1
