date_date,paid_source,campaign_key,camPGN_name,ads_cost,impression,click
2023-01-01,adwords,adw_01,Brand,21.99,7832,141
2023-01-01,adwords,adw_02,Generic,45.55,8022,150
2023-01-01,adwords,adw_03,Shopping,29.82,8386,219
2023-01-02,adwords,adw_01,Brand,29.86,8176,166
2023-01-02,adwords,adw_02,Generic,39.35,3111,124
2023-01-02,adwords,adw_03,Shopping,82.48,7414,434
2023-01-03,adwords,adw_01,Brand,12.13,2067,83
2023-01-03,adwords,adw_02,Generic,27.03,8377,150
2023-01-03,adwords,adw_03,Shopping,6.16,8707,90
2023-01-04,adwords,adw_01,Brand,110.0,6479,345
2023-01-04,adwords,adw_02,Generic,18.02,7924,107
2023-01-04,adwords,adw_03,Shopping,13.44,3228,147
2023-01-05,adwords,adw_01,Brand,61.06,7257,307
2023-01-05,adwords,adw_02,Generic,11.69,1385,47
2023-01-05,adwords,adw_03,Shopping,28.48,3485,104
2023-01-06,adwords,adw_01,Brand,49.76,7196,202
2023-01-06,adwords,adw_02,Generic,37.72,5190,220
2023-01-06,adwords,adw_03,Shopping,4.75,2167,37
2023-01-07,adwords,adw_01,Brand,32.42,7636,364
2023-01-07,adwords,adw_02,Generic,11.42,2517,77
2023-01-07,adwords,adw_03,Shopping,47.45,8321,414
2023-01-08,adwords,adw_01,Brand,6.5,1957,82
2023-01-08,adwords,adw_02,Generic,34.99,8213,283
2023-01-08,adwords,adw_03,Shopping,13.87,3227,79
2023-01-09,adwords,adw_01,Brand,68.55,7341,330
2023-01-09,adwords,adw_02,Generic,27.58,5836,280
2023-01-09,adwords,adw_03,Shopping,11.26,3449,72
2023-01-10,adwords,adw_01,Brand,29.95,4029,98
2023-01-10,adwords,adw_02,Generic,18.54,2434,101
2023-01-10,adwords,adw_03,Shopping,28.88,4630,114
2023-01-11,adwords,adw_01,Brand,15.5,6621,114
2023-01-11,adwords,adw_02,Generic,11.77,4196,175
2023-01-11,adwords,adw_03,Shopping,15.04,2850,71
2023-01-12,adwords,adw_01,Brand,37.57,3223,148
2023-01-12,adwords,adw_02,Generic,59.84,8969,271
2023-01-12,adwords,adw_03,Shopping,6.84,2529,68
2023-01-13,adwords,adw_01,Brand,31.62,7850,201
2023-01-13,adwords,adw_02,Generic,28.28,7950,272
2023-01-13,adwords,adw_03,Shopping,29.03,5296,99
2023-01-14,adwords,adw_01,Brand,11.18,1311,75
2023-01-14,adwords,adw_02,Generic,10.06,3612,76
2023-01-14,adwords,adw_03,Shopping,82.21,7268,359
2023-01-15,adwords,adw_01,Brand,38.95,3980,131
2023-01-15,adwords,adw_02,Generic,120.07,8269,429
2023-01-15,adwords,adw_03,Shopping,31.52,7308,264
2023-01-16,adwords,adw_01,Brand,19.63,2779,120
2023-01-16,adwords,adw_02,Generic,4.03,1970,52
2023-01-16,adwords,adw_03,Shopping,51.05,5515,202
2023-01-17,adwords,adw_01,Brand,34.89,8006,468
2023-01-17,adwords,adw_02,Generic,15.82,5620,125
2023-01-17,adwords,adw_03,Shopping,70.83,6967,309
2023-01-18,adwords,adw_01,Brand,24.64,3111,138
2023-01-18,adwords,adw_02,Generic,12.41,1513,61
2023-01-18,adwords,adw_03,Shopping,10.21,1912,37
2023-01-19,adwords,adw_01,Brand,18.22,1696,93
2023-01-19,adwords,adw_02,Generic,7.43,1674,35
2023-01-19,adwords,adw_03,Shopping,37.92,5733,190
2023-01-20,adwords,adw_01,Brand,42.49,7295,189
2023-01-20,adwords,adw_02,Generic,3.51,2732,43
2023-01-20,adwords,adw_03,Shopping,11.71,2739,101
2023-01-21,adwords,adw_01,Brand,40.56,5000,192
2023-01-21,adwords,adw_02,Generic,35.73,7916,123
2023-01-21,adwords,adw_03,Shopping,38.54,7263,143
2023-01-22,adwords,adw_01,Brand,11.79,5992,196
2023-01-22,adwords,adw_02,Generic,53.23,7085,283
2023-01-22,adwords,adw_03,Shopping,17.63,2576,91
2023-01-23,adwords,adw_01,Brand,61.38,8621,215
2023-01-23,adwords,adw_02,Generic,15.24,3142,74
2023-01-23,adwords,adw_03,Shopping,36.12,3608,115
2023-01-24,adwords,adw_01,Brand,42.04,8576,294
2023-01-24,adwords,adw_02,Generic,30.11,8799,294
2023-01-24,adwords,adw_03,Shopping,7.52,1711,54
2023-01-25,adwords,adw_01,Brand,60.98,8417,270
2023-01-25,adwords,adw_02,Generic,27.04,5401,103
2023-01-25,adwords,adw_03,Shopping,28.0,7150,147
2023-01-26,adwords,adw_01,Brand,11.63,3696,134
2023-01-26,adwords,adw_02,Generic,29.81,3540,143
2023-01-26,adwords,adw_03,Shopping,10.89,2405,42
2023-01-27,adwords,adw_01,Brand,84.17,7329,385
2023-01-27,adwords,adw_02,Generic,44.11,2425,140
2023-01-27,adwords,adw_03,Shopping,81.71,6297,311
2023-01-28,adwords,adw_01,Brand,33.99,3301,186
2023-01-28,adwords,adw_02,Generic,19.34,7878,198
2023-01-28,adwords,adw_03,Shopping,26.64,3803,105
2023-01-29,adwords,adw_01,Brand,23.86,4707,147
2023-01-29,adwords,adw_02,Generic,35.32,4453,214
2023-01-29,adwords,adw_03,Shopping,65.19,8755,242
2023-01-30,adwords,adw_01,Brand,27.65,8804,425
2023-01-30,adwords,adw_02,Generic,33.5,6693,136
2023-01-30,adwords,adw_03,Shopping,14.37,3499,100
2023-01-31,adwords,adw_01,Brand,39.68,7369,193
2023-01-31,adwords,adw_02,Generic,10.87,2755,57
2023-01-31,adwords,adw_03,Shopping,14.79,7879,120
2023-02-01,adwords,adw_01,Brand,31.44,3738,127
2023-02-01,adwords,adw_02,Generic,20.44,4864,284
2023-02-01,adwords,adw_03,Shopping,83.26,6343,281
2023-02-02,adwords,adw_01,Brand,25.91,4998,119
2023-02-02,adwords,adw_02,Generic,14.03,4125,62
2023-02-02,adwords,adw_03,Shopping,28.51,3353,95
2023-02-03,adwords,adw_01,Brand,8.67,2066,34
2023-02-03,adwords,adw_02,Generic,30.33,3731,181
2023-02-03,adwords,adw_03,Shopping,5.65,2383,41
2023-02-04,adwords,adw_01,Brand,4.83,2759,39
2023-02-04,adwords,adw_02,Generic,34.76,5667,272
2023-02-04,adwords,adw_03,Shopping,8.6,5342,131
2023-02-05,adwords,adw_01,Brand,25.38,7222,96
2023-02-05,adwords,adw_02,Generic,48.77,6748,173
2023-02-05,adwords,adw_03,Shopping,77.14,8259,266
2023-02-06,adwords,adw_01,Brand,15.82,2636,88
2023-02-06,adwords,adw_02,Generic,40.35,3797,166
2023-02-06,adwords,adw_03,Shopping,9.97,3191,151
2023-02-07,adwords,adw_01,Brand,10.6,2129,65
2023-02-07,adwords,adw_02,Generic,12.04,4993,61
2023-02-07,adwords,adw_03,Shopping,19.01,8321,296
2023-02-08,adwords,adw_01,Brand,10.13,4610,53
2023-02-08,adwords,adw_02,Generic,68.97,7426,367
2023-02-08,adwords,adw_03,Shopping,59.48,5683,237
2023-02-09,adwords,adw_01,Brand,86.51,5609,329
2023-02-09,adwords,adw_02,Generic,74.49,5347,266
2023-02-09,adwords,adw_03,Shopping,22.95,1884,105
2023-02-10,adwords,adw_01,Brand,110.27,8945,425
2023-02-10,adwords,adw_02,Generic,19.15,4561,108
2023-02-10,adwords,adw_03,Shopping,86.61,8068,378
2023-02-11,adwords,adw_01,Brand,10.98,1769,74
2023-02-11,adwords,adw_02,Generic,64.76,5316,237
2023-02-11,adwords,adw_03,Shopping,10.47,4572,50
2023-02-12,adwords,adw_01,Brand,4.15,1249,64
2023-02-12,adwords,adw_02,Generic,11.71,2956,92
2023-02-12,adwords,adw_03,Shopping,18.55,2938,128
2023-02-13,adwords,adw_01,Brand,53.6,4770,206
2023-02-13,adwords,adw_02,Generic,45.35,5680,157
2023-02-13,adwords,adw_03,Shopping,36.54,7964,140
2023-02-14,adwords,adw_01,Brand,3.54,2807,53
2023-02-14,adwords,adw_02,Generic,80.64,5894,307
2023-02-14,adwords,adw_03,Shopping,45.28,5412,312
2023-02-15,adwords,adw_01,Brand,8.91,3659,78
2023-02-15,adwords,adw_02,Generic,14.48,3562,111
2023-02-15,adwords,adw_03,Shopping,26.97,8503,177
2023-02-16,adwords,adw_01,Brand,21.61,2271,124
2023-02-16,adwords,adw_02,Generic,38.77,7706,221
2023-02-16,adwords,adw_03,Shopping,52.28,7002,329
2023-02-17,adwords,adw_01,Brand,15.89,4685,140
2023-02-17,adwords,adw_02,Generic,17.75,4167,211
2023-02-17,adwords,adw_03,Shopping,35.27,2565,142
2023-02-18,adwords,adw_01,Brand,9.31,2149,102
2023-02-18,adwords,adw_02,Generic,51.24,5015,201
2023-02-18,adwords,adw_03,Shopping,22.45,3671,71
2023-02-19,adwords,adw_01,Brand,26.29,7438,208
2023-02-19,adwords,adw_02,Generic,4.21,2073,68
2023-02-19,adwords,adw_03,Shopping,63.38,7466,224
2023-02-20,adwords,adw_01,Brand,62.99,3966,227
2023-02-20,adwords,adw_02,Generic,33.16,4586,240
2023-02-20,adwords,adw_03,Shopping,28.87,8997,127
2023-02-21,adwords,adw_01,Brand,43.64,4239,142
2023-02-21,adwords,adw_02,Generic,20.31,3342,141
2023-02-21,adwords,adw_03,Shopping,10.55,2297,51
2023-02-22,adwords,adw_01,Brand,9.39,2197,39
2023-02-22,adwords,adw_02,Generic,24.98,7145,93
2023-02-22,adwords,adw_03,Shopping,53.57,7957,342
2023-02-23,adwords,adw_01,Brand,8.28,4436,79
2023-02-23,adwords,adw_02,Generic,125.19,8503,495
2023-02-23,adwords,adw_03,Shopping,41.26,7520,143
2023-02-24,adwords,adw_01,Brand,7.01,2053,37
2023-02-24,adwords,adw_02,Generic,43.86,3587,148
2023-02-24,adwords,adw_03,Shopping,22.41,3268,85
2023-02-25,adwords,adw_01,Brand,14.19,3786,206
2023-02-25,adwords,adw_02,Generic,32.08,8001,445
2023-02-25,adwords,adw_03,Shopping,32.43,4140,165
2023-02-26,adwords,adw_01,Brand,7.62,2433,26
2023-02-26,adwords,adw_02,Generic,10.08,1918,113
2023-02-26,adwords,adw_03,Shopping,81.95,4910,290
2023-02-27,adwords,adw_01,Brand,19.52,5386,90
2023-02-27,adwords,adw_02,Generic,28.58,6167,157
2023-02-27,adwords,adw_03,Shopping,31.14,8242,135
2023-02-28,adwords,adw_01,Brand,40.38,4051,164
2023-02-28,adwords,adw_02,Generic,65.59,4926,233
2023-02-28,adwords,adw_03,Shopping,5.34,2731,57
2023-03-01,adwords,adw_01,Brand,14.73,8549,181
2023-03-01,adwords,adw_02,Generic,16.85,1939,58
2023-03-01,adwords,adw_03,Shopping,4.64,2020,43
2023-03-02,adwords,adw_01,Brand,52.31,6343,167
2023-03-02,adwords,adw_02,Generic,48.31,6413,230
2023-03-02,adwords,adw_03,Shopping,36.57,8091,388
2023-03-03,adwords,adw_01,Brand,40.65,4491,193
2023-03-03,adwords,adw_02,Generic,29.26,8490,99
2023-03-03,adwords,adw_03,Shopping,5.8,4203,52
2023-03-04,adwords,adw_01,Brand,3.03,2620,44
2023-03-04,adwords,adw_02,Generic,19.13,7399,133
2023-03-04,adwords,adw_03,Shopping,28.84,5662,193
2023-03-05,adwords,adw_01,Brand,65.12,6103,310
2023-03-05,adwords,adw_02,Generic,21.71,4726,98
2023-03-05,adwords,adw_03,Shopping,11.41,5457,86
2023-03-06,adwords,adw_01,Brand,59.67,7194,404
2023-03-06,adwords,adw_02,Generic,49.92,8161,185
2023-03-06,adwords,adw_03,Shopping,43.47,5001,187
2023-03-07,adwords,adw_01,Brand,33.73,6410,173
2023-03-07,adwords,adw_02,Generic,10.67,1692,47
2023-03-07,adwords,adw_03,Shopping,16.91,8725,142
2023-03-08,adwords,adw_01,Brand,15.03,4767,74
2023-03-08,adwords,adw_02,Generic,26.29,3506,188
2023-03-08,adwords,adw_03,Shopping,22.19,4602,272
2023-03-09,adwords,adw_01,Brand,45.74,7962,280
2023-03-09,adwords,adw_02,Generic,56.55,8541,511
2023-03-09,adwords,adw_03,Shopping,10.49,7752,163
2023-03-10,adwords,adw_01,Brand,41.3,6920,191
2023-03-10,adwords,adw_02,Generic,24.76,2383,126
2023-03-10,adwords,adw_03,Shopping,25.06,7442,209
2023-03-11,adwords,adw_01,Brand,49.25,8587,313
2023-03-11,adwords,adw_02,Generic,8.1,1981,36
2023-03-11,adwords,adw_03,Shopping,80.16,6021,314
2023-03-12,adwords,adw_01,Brand,29.72,2385,136
2023-03-12,adwords,adw_02,Generic,58.16,7894,188
2023-03-12,adwords,adw_03,Shopping,62.67,8601,213
2023-03-13,adwords,adw_01,Brand,87.21,8781,480
2023-03-13,adwords,adw_02,Generic,7.69,2261,128
2023-03-13,adwords,adw_03,Shopping,16.78,3160,119
2023-03-14,adwords,adw_01,Brand,105.51,8399,341
2023-03-14,adwords,adw_02,Generic,4.87,1661,50
2023-03-14,adwords,adw_03,Shopping,99.02,7615,367
2023-03-15,adwords,adw_01,Brand,50.24,8617,190
2023-03-15,adwords,adw_02,Generic,20.29,6239,184
2023-03-15,adwords,adw_03,Shopping,32.29,7707,104
2023-03-16,adwords,adw_01,Brand,16.85,3354,183
2023-03-16,adwords,adw_02,Generic,39.59,6969,398
2023-03-16,adwords,adw_03,Shopping,52.32,4658,203
2023-03-17,adwords,adw_01,Brand,2.82,1283,20
2023-03-17,adwords,adw_02,Generic,14.96,2000,82
2023-03-17,adwords,adw_03,Shopping,14.61,6351,158
2023-03-18,adwords,adw_01,Brand,17.85,6994,228
2023-03-18,adwords,adw_02,Generic,72.89,8836,490
2023-03-18,adwords,adw_03,Shopping,31.36,3322,197
2023-03-19,adwords,adw_01,Brand,23.02,8150,127
2023-03-19,adwords,adw_02,Generic,74.33,5762,310
2023-03-19,adwords,adw_03,Shopping,41.92,7396,354
2023-03-20,adwords,adw_01,Brand,25.81,2003,119
2023-03-20,adwords,adw_02,Generic,47.2,5872,165
2023-03-20,adwords,adw_03,Shopping,102.76,6386,331
2023-03-21,adwords,adw_01,Brand,53.57,4489,188
2023-03-21,adwords,adw_02,Generic,20.55,3385,156
2023-03-21,adwords,adw_03,Shopping,18.77,3163,111
2023-03-22,adwords,adw_01,Brand,37.21,7723,456
2023-03-22,adwords,adw_02,Generic,12.19,1988,99
2023-03-22,adwords,adw_03,Shopping,46.61,5060,200
2023-03-23,adwords,adw_01,Brand,23.93,2010,98
2023-03-23,adwords,adw_02,Generic,45.58,5573,289
2023-03-23,adwords,adw_03,Shopping,47.04,5247,295
2023-03-24,adwords,adw_01,Brand,61.79,5892,232
2023-03-24,adwords,adw_02,Generic,30.33,8641,335
2023-03-24,adwords,adw_03,Shopping,46.98,7159,200
2023-03-25,adwords,adw_01,Brand,41.57,8249,256
2023-03-25,adwords,adw_02,Generic,50.6,7005,191
2023-03-25,adwords,adw_03,Shopping,59.36,7847,303
2023-03-26,adwords,adw_01,Brand,96.47,8533,432
2023-03-26,adwords,adw_02,Generic,21.0,7265,315
2023-03-26,adwords,adw_03,Shopping,19.27,5622,63
2023-03-27,adwords,adw_01,Brand,29.53,1970,110
2023-03-27,adwords,adw_02,Generic,45.45,6886,361
2023-03-27,adwords,adw_03,Shopping,64.5,7583,206
2023-03-28,adwords,adw_01,Brand,7.32,3139,101
2023-03-28,adwords,adw_02,Generic,36.47,4773,284
2023-03-28,adwords,adw_03,Shopping,39.32,7390,151
2023-03-29,adwords,adw_01,Brand,23.34,5468,142
2023-03-29,adwords,adw_02,Generic,55.37,3918,198
2023-03-29,adwords,adw_03,Shopping,46.26,7881,210
2023-03-30,adwords,adw_01,Brand,43.02,6970,361
2023-03-30,adwords,adw_02,Generic,28.49,7663,115
2023-03-30,adwords,adw_03,Shopping,29.9,6187,158
2023-03-31,adwords,adw_01,Brand,9.92,2652,77
2023-03-31,adwords,adw_02,Generic,49.59,6717,184
2023-03-31,adwords,adw_03,Shopping,120.67,8187,390
