orders_id,shipping_fee,shipping_fee_1,logCost,ship_cost
100001,0.0,0.0,1.88,4.83
100002,0.0,0.0,3.6,3.71
100003,0.0,0.0,1.73,4.08
100004,0.0,0.0,1.1,3.42
100005,0.0,0.0,3.74,4.06
100006,0.0,0.0,1.66,6.49
100007,0.0,0.0,3.99,4.38
100008,5.9,5.9,3.31,3.53
100009,0.0,0.0,1.32,4.81
100010,0.0,0.0,2.8,4.2
100012,0.0,0.0,2.6,2.57
100013,0.0,0.0,2.95,3.97
100014,0.0,0.0,3.58,2.32
100015,0.0,0.0,3.65,4.59
100016,0.0,0.0,2.06,3.85
100017,5.9,5.9,3.4,2.49
100018,0.0,0.0,1.75,6.15
100019,0.0,0.0,2.46,2.96
100020,0.0,0.0,2.46,2.85
100021,0.0,0.0,1.94,2.23
100022,0.0,0.0,3.82,4.56
100023,5.9,5.9,3.8,2.92
100024,0.0,0.0,2.86,4.53
100025,0.0,0.0,1.8,6.2
100026,0.0,0.0,1.47,5.75
100027,0.0,0.0,1.4,2.52
100028,5.9,5.9,2.81,5.23
100029,0.0,0.0,3.54,2.42
100030,0.0,0.0,1.34,6.25
100031,0.0,0.0,1.13,3.64
100032,0.0,0.0,1.75,2.46
100033,0.0,0.0,1.07,5.31
100034,0.0,0.0,1.67,5.67
100035,0.0,0.0,2.53,5.06
100036,0.0,0.0,3.19,3.41
100037,0.0,0.0,3.13,2.01
100038,0.0,0.0,3.16,3.35
100039,0.0,0.0,2.14,5.37
100040,4.9,4.9,2.29,4.61
100041,0.0,0.0,2.9,3.51
100042,0.0,0.0,1.73,4.14
100043,0.0,0.0,2.73,5.23
100044,0.0,0.0,2.67,6.13
100045,0.0,0.0,3.0,6.45
100046,0.0,0.0,1.48,5.88
100047,0.0,0.0,1.7,3.51
100049,0.0,0.0,3.3,3.71
100050,0.0,0.0,3.56,6.29
100051,0.0,0.0,3.52,6.14
100052,0.0,0.0,2.99,2.38
100053,0.0,0.0,3.85,3.9
100054,0.0,0.0,4.0,3.57
100055,4.9,4.9,1.6,2.09
100056,0.0,0.0,2.4,3.15
100057,5.9,5.9,2.73,6.09
100058,0.0,0.0,2.04,3.93
100059,0.0,0.0,2.09,6.01
100060,0.0,0.0,3.19,3.21
100061,0.0,0.0,2.39,4.75
100062,0.0,0.0,1.83,2.05
100063,0.0,0.0,2.94,4.21
100064,4.9,4.9,1.92,4.62
100065,0.0,0.0,3.23,6.28
100066,0.0,0.0,2.57,3.27
100067,5.9,5.9,1.54,2.06
100068,7.9,7.9,1.31,2.06
100069,0.0,0.0,1.2,4.21
100070,0.0,0.0,3.85,2.38
100071,0.0,0.0,2.57,4.03
100072,0.0,0.0,1.79,2.37
100073,0.0,0.0,2.41,2.15
100074,0.0,0.0,3.8,3.91
100075,0.0,0.0,3.38,4.68
100076,0.0,0.0,2.79,6.0
100077,0.0,0.0,3.02,3.21
100078,0.0,0.0,2.95,6.12
100079,0.0,0.0,2.0,5.02
100080,0.0,0.0,2.65,4.05
100081,0.0,0.0,1.16,4.33
100082,0.0,0.0,3.92,4.74
100083,0.0,0.0,1.67,5.79
100084,4.9,4.9,2.5,5.22
100086,0.0,0.0,1.9,4.64
100087,0.0,0.0,3.94,3.07
100088,0.0,0.0,1.11,4.26
100089,0.0,0.0,2.96,2.69
100090,0.0,0.0,3.66,4.2
100091,5.9,5.9,3.99,5.36
100092,0.0,0.0,2.12,2.66
100093,0.0,0.0,1.43,4.08
100094,0.0,0.0,2.33,3.56
100095,0.0,0.0,1.32,3.72
100096,0.0,0.0,3.33,6.38
100097,0.0,0.0,3.71,4.91
100098,0.0,0.0,2.25,2.9
100099,0.0,0.0,2.02,2.52
100100,0.0,0.0,3.17,6.41
100101,5.9,5.9,1.33,3.05
100102,0.0,0.0,1.42,6.26
100103,0.0,0.0,3.23,2.7
100104,0.0,0.0,3.57,2.45
100105,0.0,0.0,3.47,2.41
100106,4.9,4.9,3.36,2.92
100107,0.0,0.0,2.79,3.25
100108,0.0,0.0,1.08,2.07
100109,7.9,7.9,2.58,5.36
100110,0.0,0.0,2.93,2.14
100111,0.0,0.0,1.83,4.85
100112,4.9,4.9,2.29,6.0
100113,0.0,0.0,2.42,2.41
100114,5.9,5.9,3.44,4.5
100115,7.9,7.9,3.6,5.24
100116,0.0,0.0,1.32,5.8
100117,0.0,0.0,2.93,2.12
100118,0.0,0.0,2.2,2.64
100119,0.0,0.0,2.26,3.53
100120,0.0,0.0,1.24,3.99
100121,0.0,0.0,3.0,2.2
100123,0.0,0.0,3.59,4.59
100124,0.0,0.0,3.53,3.09
100125,0.0,0.0,1.58,5.49
100126,0.0,0.0,3.28,4.95
100127,0.0,0.0,2.35,6.16
100128,0.0,0.0,2.77,3.58
100129,0.0,0.0,2.74,6.29
100130,0.0,0.0,1.96,4.14
100131,0.0,0.0,1.25,4.91
100132,4.9,4.9,2.09,6.13
100133,0.0,0.0,3.17,4.95
100134,0.0,0.0,2.97,4.98
100135,0.0,0.0,1.99,2.58
100136,0.0,0.0,1.05,3.39
100137,0.0,0.0,1.89,5.55
100138,0.0,0.0,2.85,4.69
100139,0.0,0.0,1.13,3.64
100140,0.0,0.0,1.72,6.35
100141,0.0,0.0,3.45,5.61
100142,0.0,0.0,1.31,5.81
100143,5.9,5.9,2.35,4.31
100144,0.0,0.0,1.24,3.01
100145,0.0,0.0,1.42,5.17
100146,0.0,0.0,1.71,2.55
100147,0.0,0.0,2.5,4.41
100148,0.0,0.0,2.71,2.84
100149,0.0,0.0,2.17,4.12
100150,0.0,0.0,3.21,3.5
100151,0.0,0.0,2.93,5.74
100152,0.0,0.0,1.95,3.4
100153,0.0,0.0,3.4,3.97
100154,0.0,0.0,1.25,3.91
100155,0.0,0.0,1.5,4.0
100156,0.0,0.0,3.4,5.06
100157,0.0,0.0,2.31,2.57
100158,0.0,0.0,1.46,4.02
100160,0.0,0.0,1.35,5.49
100161,0.0,0.0,3.43,6.35
100162,0.0,0.0,3.78,4.87
100163,5.9,5.9,2.4,6.42
100164,0.0,0.0,3.16,4.37
100165,0.0,0.0,2.35,5.06
100166,0.0,0.0,3.73,2.25
100167,4.9,4.9,1.97,5.19
100168,0.0,0.0,1.28,4.88
100169,0.0,0.0,3.77,2.19
100170,5.9,5.9,2.95,5.45
100171,0.0,0.0,1.47,3.87
100172,0.0,0.0,2.54,2.48
100173,0.0,0.0,1.87,3.73
100174,0.0,0.0,3.64,4.24
100175,4.9,4.9,1.65,3.59
100176,7.9,7.9,1.86,2.04
100177,5.9,5.9,3.29,3.65
100178,0.0,0.0,2.87,4.75
100179,5.9,5.9,3.26,2.9
100180,5.9,5.9,3.41,4.34
100181,0.0,0.0,2.18,4.77
100182,0.0,0.0,3.02,6.41
100183,0.0,0.0,3.16,4.63
100184,0.0,0.0,3.04,2.14
100185,7.9,7.9,1.45,5.11
100186,0.0,0.0,2.44,3.7
100187,0.0,0.0,3.6,5.06
100188,0.0,0.0,3.11,5.11
100189,0.0,0.0,3.86,5.62
100190,0.0,0.0,3.48,3.22
100191,0.0,0.0,1.7,2.45
100192,0.0,0.0,3.81,5.95
100193,0.0,0.0,3.17,6.22
100194,0.0,0.0,2.19,4.23
100195,0.0,0.0,3.97,4.44
100197,0.0,0.0,2.2,2.43
100198,0.0,0.0,3.26,6.29
100199,0.0,0.0,1.19,2.53
100200,0.0,0.0,1.66,6.31
100201,0.0,0.0,3.04,4.68
100202,5.9,5.9,1.23,4.54
100203,4.9,4.9,2.72,2.67
100204,0.0,0.0,1.17,2.59
100205,0.0,0.0,2.73,2.2
100206,0.0,0.0,2.23,5.46
100207,0.0,0.0,1.38,6.4
100208,7.9,7.9,3.02,4.45
100209,0.0,0.0,1.2,4.67
100210,0.0,0.0,3.98,3.05
100211,0.0,0.0,1.9,2.27
100212,0.0,0.0,3.82,5.02
100213,0.0,0.0,3.12,5.63
100214,0.0,0.0,2.67,2.6
100215,0.0,0.0,1.28,5.26
100216,0.0,0.0,2.81,5.93
100217,0.0,0.0,1.63,6.08
100218,0.0,0.0,3.09,5.17
100219,0.0,0.0,2.4,5.61
100220,0.0,0.0,3.8,4.61
100221,0.0,0.0,2.93,4.21
100222,0.0,0.0,3.75,4.44
100223,0.0,0.0,3.84,5.01
100224,4.9,4.9,1.2,2.68
100225,0.0,0.0,2.98,2.07
100226,0.0,0.0,1.29,2.67
100227,0.0,0.0,2.12,3.83
100228,7.9,7.9,2.13,4.14
100229,7.9,7.9,2.93,3.49
100230,0.0,0.0,1.69,6.06
100231,0.0,0.0,1.62,2.65
100232,0.0,0.0,3.07,2.35
100234,0.0,0.0,3.04,4.97
100235,0.0,0.0,1.74,2.33
100236,0.0,0.0,1.92,3.62
100237,0.0,0.0,1.27,4.49
100238,0.0,0.0,3.93,4.57
100239,0.0,0.0,1.44,2.75
100240,0.0,0.0,1.41,2.03
100241,0.0,0.0,3.09,4.16
100242,0.0,0.0,3.35,3.47
100243,0.0,0.0,3.3,2.12
100244,0.0,0.0,1.73,4.96
100245,0.0,0.0,3.44,4.67
100246,5.9,5.9,1.5,4.76
100247,0.0,0.0,2.12,4.08
100248,0.0,0.0,1.26,5.74
100249,0.0,0.0,2.04,2.44
100250,0.0,0.0,2.66,3.49
100251,0.0,0.0,2.17,5.17
100252,0.0,0.0,1.98,4.06
100253,0.0,0.0,3.02,5.6
100254,4.9,4.9,1.92,2.82
100255,0.0,0.0,1.56,4.86
100256,0.0,0.0,2.35,2.24
100257,0.0,0.0,2.48,5.2
100258,0.0,0.0,2.37,5.34
100259,0.0,0.0,2.32,2.98
100260,0.0,0.0,3.98,5.49
100261,0.0,0.0,1.5,2.63
100262,0.0,0.0,2.62,3.46
100263,0.0,0.0,3.98,5.9
100264,7.9,7.9,2.47,4.6
100265,0.0,0.0,3.63,4.05
100266,0.0,0.0,3.39,3.79
100267,0.0,0.0,3.68,5.43
100268,4.9,4.9,2.32,2.0
100269,0.0,0.0,2.95,2.23
100271,0.0,0.0,3.04,2.04
100272,0.0,0.0,3.42,2.46
100273,0.0,0.0,2.69,4.75
100274,0.0,0.0,2.85,3.99
100275,7.9,7.9,2.05,3.93
100276,0.0,0.0,2.82,5.51
100277,4.9,4.9,3.24,3.33
100278,0.0,0.0,1.72,4.87
100279,5.9,5.9,1.4,5.87
100280,0.0,0.0,1.18,5.55
100281,0.0,0.0,1.46,2.38
100282,0.0,0.0,3.5,5.06
100283,4.9,4.9,1.17,2.39
100284,0.0,0.0,2.04,4.33
100285,0.0,0.0,2.29,4.36
100286,0.0,0.0,1.5,2.71
100287,0.0,0.0,1.35,5.33
100288,7.9,7.9,2.09,6.14
100289,4.9,4.9,2.25,5.24
100290,0.0,0.0,3.86,2.31
100291,0.0,0.0,1.73,3.66
100292,0.0,0.0,3.52,5.95
100293,0.0,0.0,2.26,6.33
100294,7.9,7.9,3.1,3.68
100295,7.9,7.9,1.22,4.56
100296,5.9,5.9,1.95,3.22
100297,0.0,0.0,2.75,2.7
100298,0.0,0.0,1.62,3.39
100299,0.0,0.0,3.51,3.48
100300,7.9,7.9,2.54,5.05
100301,0.0,0.0,1.31,5.57
100302,4.9,4.9,1.39,5.71
100303,0.0,0.0,2.94,5.64
100304,0.0,0.0,3.83,2.23
100305,0.0,0.0,3.65,2.16
100306,0.0,0.0,1.26,3.72
100308,0.0,0.0,3.97,4.38
100309,0.0,0.0,3.37,5.32
100310,0.0,0.0,2.78,5.63
100311,0.0,0.0,3.43,6.37
100312,0.0,0.0,2.0,4.76
100313,0.0,0.0,1.44,5.17
100314,0.0,0.0,3.83,3.78
100315,0.0,0.0,1.52,6.36
100316,0.0,0.0,3.85,3.76
100317,0.0,0.0,3.43,4.75
100318,0.0,0.0,3.24,3.07
100319,0.0,0.0,3.08,3.58
100320,7.9,7.9,3.2,6.36
100321,0.0,0.0,1.22,5.81
100322,0.0,0.0,2.64,6.04
100323,0.0,0.0,3.68,5.17
100324,0.0,0.0,3.19,3.19
100325,0.0,0.0,1.26,5.71
100326,0.0,0.0,2.98,2.41
100327,0.0,0.0,1.45,5.13
100328,7.9,7.9,3.91,4.65
100329,0.0,0.0,2.26,4.41
100330,0.0,0.0,3.85,4.02
100331,0.0,0.0,3.05,2.91
100332,7.9,7.9,2.66,5.85
100333,0.0,0.0,3.89,2.45
100334,5.9,5.9,3.63,3.19
100335,0.0,0.0,1.15,4.14
100336,0.0,0.0,3.05,6.38
100337,0.0,0.0,2.25,4.9
100338,0.0,0.0,2.52,2.61
100339,0.0,0.0,1.6,2.26
100340,4.9,4.9,1.82,5.71
100341,0.0,0.0,2.05,2.74
100342,0.0,0.0,1.64,3.0
100343,0.0,0.0,3.34,5.45
100345,5.9,5.9,3.14,5.19
100346,0.0,0.0,2.19,2.46
100347,0.0,0.0,2.92,5.88
100348,0.0,0.0,3.41,4.7
100349,0.0,0.0,3.21,4.62
100350,0.0,0.0,3.54,5.78
100351,4.9,4.9,3.84,6.05
100352,5.9,5.9,2.26,5.99
100353,0.0,0.0,2.86,4.12
100354,0.0,0.0,3.56,2.62
100355,0.0,0.0,3.59,2.81
100356,0.0,0.0,1.53,4.86
100357,0.0,0.0,3.32,4.59
100358,0.0,0.0,2.21,6.34
100359,0.0,0.0,1.75,5.12
100360,0.0,0.0,1.87,5.28
100361,0.0,0.0,3.72,5.65
100362,4.9,4.9,1.37,5.2
100363,0.0,0.0,2.78,2.22
100364,0.0,0.0,2.25,3.71
100365,0.0,0.0,1.81,4.73
100366,0.0,0.0,3.35,4.24
100367,0.0,0.0,1.89,2.18
100368,0.0,0.0,1.27,4.3
100369,0.0,0.0,2.37,6.4
100370,0.0,0.0,1.35,5.83
100371,4.9,4.9,1.99,6.03
100372,0.0,0.0,1.82,3.74
100373,0.0,0.0,2.71,3.97
100374,0.0,0.0,1.94,5.17
100375,0.0,0.0,2.99,3.12
100376,0.0,0.0,2.93,2.71
100377,0.0,0.0,2.21,3.06
100378,0.0,0.0,2.65,5.72
100379,0.0,0.0,3.45,5.8
100380,0.0,0.0,2.98,2.01
100382,0.0,0.0,3.47,2.86
100383,0.0,0.0,2.77,4.27
100384,7.9,7.9,3.52,4.17
100385,0.0,0.0,2.97,4.73
100386,0.0,0.0,2.36,2.6
100387,0.0,0.0,3.14,5.09
100388,0.0,0.0,3.28,4.53
100389,0.0,0.0,3.01,2.9
100390,5.9,5.9,1.61,4.44
100391,0.0,0.0,2.53,5.59
100392,0.0,0.0,1.75,4.79
100393,0.0,0.0,1.53,5.07
100394,0.0,0.0,2.67,2.59
100395,0.0,0.0,1.9,5.55
100396,0.0,0.0,2.63,3.82
100397,0.0,0.0,3.99,5.71
100398,4.9,4.9,3.88,5.07
100399,0.0,0.0,3.47,3.69
100400,0.0,0.0,2.88,2.95
100401,0.0,0.0,3.11,6.39
100402,0.0,0.0,2.72,3.02
100403,0.0,0.0,2.92,4.78
100404,0.0,0.0,3.36,3.36
100405,0.0,0.0,2.42,4.4
100406,5.9,5.9,3.87,2.05
100407,0.0,0.0,1.91,5.37
100408,0.0,0.0,1.54,5.6
100409,0.0,0.0,1.87,2.3
100410,0.0,0.0,1.99,2.58
100411,7.9,7.9,1.99,4.97
100412,0.0,0.0,1.74,3.0
100413,0.0,0.0,1.33,4.9
100414,4.9,4.9,3.67,2.88
100415,0.0,0.0,3.44,4.61
100416,0.0,0.0,3.33,3.65
100417,0.0,0.0,2.5,2.41
100419,0.0,0.0,2.45,3.61
100420,0.0,0.0,3.01,4.33
100421,0.0,0.0,3.91,4.85
100422,0.0,0.0,2.96,5.76
100423,0.0,0.0,1.02,5.97
100424,0.0,0.0,2.24,3.49
100425,0.0,0.0,2.77,4.91
100426,0.0,0.0,1.77,2.81
100427,0.0,0.0,2.23,2.64
100428,0.0,0.0,1.4,2.07
100429,0.0,0.0,2.98,6.06
100430,0.0,0.0,2.11,2.2
100431,0.0,0.0,1.25,4.69
100432,0.0,0.0,1.32,3.92
100433,0.0,0.0,2.24,5.53
100434,0.0,0.0,2.34,5.15
100435,0.0,0.0,2.84,5.08
100436,0.0,0.0,1.02,2.41
100437,0.0,0.0,2.11,4.74
100438,0.0,0.0,3.55,6.19
100439,0.0,0.0,2.08,4.95
100440,0.0,0.0,1.6,2.07
100441,5.9,5.9,2.04,5.67
100442,0.0,0.0,1.53,4.28
100443,0.0,0.0,3.41,6.31
100444,0.0,0.0,3.69,5.88
100445,0.0,0.0,3.1,3.19
100446,0.0,0.0,2.72,2.82
100447,0.0,0.0,1.62,2.91
100448,0.0,0.0,3.03,4.99
100449,0.0,0.0,3.54,3.67
100450,0.0,0.0,1.38,4.37
100451,0.0,0.0,1.03,5.03
100452,5.9,5.9,1.56,3.18
100453,0.0,0.0,2.2,4.03
100454,0.0,0.0,2.67,5.85
100456,0.0,0.0,1.3,2.74
100457,5.9,5.9,1.78,3.62
100458,0.0,0.0,2.62,6.41
100459,0.0,0.0,2.39,6.3
100460,0.0,0.0,3.55,2.32
100461,7.9,7.9,1.81,4.0
100462,0.0,0.0,2.99,6.23
100463,0.0,0.0,1.29,6.22
100464,0.0,0.0,1.74,3.28
100465,0.0,0.0,1.98,4.14
100466,0.0,0.0,2.92,4.4
100467,0.0,0.0,3.54,3.55
100468,0.0,0.0,1.02,3.68
100469,0.0,0.0,2.55,5.6
100470,0.0,0.0,1.87,4.87
100471,0.0,0.0,1.38,3.97
100472,7.9,7.9,1.65,3.89
100473,0.0,0.0,3.69,3.13
100474,0.0,0.0,3.95,4.13
100475,0.0,0.0,1.9,3.62
100476,4.9,4.9,2.9,3.46
100477,0.0,0.0,1.13,5.53
100478,0.0,0.0,2.93,5.16
100479,0.0,0.0,3.95,5.55
100480,0.0,0.0,1.12,5.18
100481,0.0,0.0,3.49,6.12
100482,0.0,0.0,2.36,5.49
100483,0.0,0.0,1.57,5.07
100484,0.0,0.0,1.13,6.22
100485,0.0,0.0,1.1,4.89
100486,0.0,0.0,3.79,5.74
100487,0.0,0.0,3.2,5.76
100488,0.0,0.0,1.3,3.04
100489,0.0,0.0,2.73,5.04
100490,0.0,0.0,2.06,3.42
100491,0.0,0.0,2.13,4.48
100493,0.0,0.0,2.53,4.57
100494,4.9,4.9,1.7,5.65
100495,0.0,0.0,1.65,2.35
100496,0.0,0.0,1.9,5.29
100497,0.0,0.0,3.55,6.18
100498,0.0,0.0,3.26,4.59
100499,7.9,7.9,1.44,3.51
100500,0.0,0.0,2.2,3.96
100501,0.0,0.0,2.71,4.53
100502,0.0,0.0,2.73,2.51
100503,0.0,0.0,3.41,4.8
100504,0.0,0.0,2.86,2.66
100505,0.0,0.0,1.64,4.46
100506,0.0,0.0,1.51,3.28
100507,0.0,0.0,1.06,5.9
100508,0.0,0.0,2.37,6.17
100509,5.9,5.9,2.0,3.77
100510,0.0,0.0,3.93,4.26
100511,0.0,0.0,3.67,5.67
100512,0.0,0.0,2.03,3.77
100513,0.0,0.0,3.06,3.88
100514,0.0,0.0,2.96,4.61
100515,0.0,0.0,2.29,6.09
100516,0.0,0.0,3.52,2.65
100517,0.0,0.0,2.24,3.85
100518,0.0,0.0,2.82,4.76
100519,0.0,0.0,3.54,4.11
100520,0.0,0.0,3.91,6.16
100521,0.0,0.0,2.28,5.49
100522,0.0,0.0,3.63,5.95
100523,0.0,0.0,2.55,4.84
100524,0.0,0.0,3.65,5.48
100525,0.0,0.0,2.94,2.41
100526,0.0,0.0,3.09,2.61
100527,0.0,0.0,3.08,6.08
100528,0.0,0.0,2.57,3.73
100530,0.0,0.0,1.93,5.46
100531,0.0,0.0,2.63,2.03
100532,0.0,0.0,2.89,5.69
100533,0.0,0.0,3.56,5.0
100534,0.0,0.0,3.07,4.68
100535,0.0,0.0,1.9,3.66
100536,0.0,0.0,3.09,4.75
100537,0.0,0.0,2.45,5.1
100538,0.0,0.0,2.84,4.23
100539,0.0,0.0,1.35,5.82
100540,0.0,0.0,1.92,4.28
100541,0.0,0.0,1.58,5.75
100542,0.0,0.0,2.24,5.34
100543,0.0,0.0,3.66,3.59
100544,4.9,4.9,2.71,3.75
100545,5.9,5.9,3.13,3.22
100546,5.9,5.9,1.65,3.36
100547,0.0,0.0,2.33,2.11
100548,0.0,0.0,3.81,5.05
100549,0.0,0.0,1.93,2.2
100550,0.0,0.0,2.56,4.97
100551,0.0,0.0,2.6,5.48
100552,0.0,0.0,1.05,4.8
100553,0.0,0.0,1.96,2.64
100554,0.0,0.0,2.41,5.04
100555,7.9,7.9,1.54,4.68
100556,0.0,0.0,3.76,4.11
100557,0.0,0.0,3.1,4.99
100558,0.0,0.0,2.22,5.21
100559,5.9,5.9,2.6,3.8
100560,0.0,0.0,2.03,5.12
100561,0.0,0.0,2.39,4.5
100562,0.0,0.0,3.45,5.99
100563,0.0,0.0,2.36,3.31
100564,0.0,0.0,2.75,4.75
100565,0.0,0.0,1.85,2.14
100567,0.0,0.0,3.62,2.56
100568,7.9,7.9,2.97,6.39
100569,0.0,0.0,2.87,4.04
100570,0.0,0.0,1.81,6.17
100571,0.0,0.0,3.19,6.43
100572,0.0,0.0,3.71,4.41
100573,0.0,0.0,2.41,5.3
100574,0.0,0.0,2.72,4.95
100575,5.9,5.9,1.76,4.77
100576,0.0,0.0,1.53,5.52
100577,0.0,0.0,3.9,4.68
100578,0.0,0.0,3.18,2.75
100579,0.0,0.0,3.84,6.15
100580,0.0,0.0,2.3,3.3
100581,0.0,0.0,1.8,2.44
100582,0.0,0.0,1.03,2.04
100583,0.0,0.0,1.31,4.01
100584,0.0,0.0,3.82,4.95
100585,4.9,4.9,2.13,5.44
100586,0.0,0.0,1.23,4.04
100587,0.0,0.0,2.0,2.27
100588,0.0,0.0,1.33,4.43
100589,0.0,0.0,1.22,4.57
100590,0.0,0.0,3.1,6.07
100591,7.9,7.9,3.53,5.51
100592,7.9,7.9,1.36,4.41
100593,0.0,0.0,2.38,5.45
100594,0.0,0.0,2.17,2.48
100595,0.0,0.0,2.78,4.2
100596,0.0,0.0,2.5,6.34
100597,0.0,0.0,2.74,6.16
100598,0.0,0.0,2.41,6.13
100599,0.0,0.0,3.71,5.69
100600,0.0,0.0,2.77,5.68
100601,4.9,4.9,1.19,2.91
100602,0.0,0.0,3.38,5.44
100604,0.0,0.0,1.47,5.96
100605,0.0,0.0,3.12,4.67
100606,0.0,0.0,2.24,6.22
100607,0.0,0.0,2.88,5.52
100608,0.0,0.0,2.98,3.24
100609,0.0,0.0,1.48,6.15
100610,0.0,0.0,2.3,3.5
100611,0.0,0.0,2.78,3.47
100612,0.0,0.0,1.71,3.86
100613,0.0,0.0,3.67,2.65
100614,0.0,0.0,1.18,2.61
100615,0.0,0.0,3.57,2.39
100616,0.0,0.0,3.68,4.66
100617,7.9,7.9,3.2,4.27
100618,0.0,0.0,1.4,3.33
100619,0.0,0.0,1.49,4.07
100620,0.0,0.0,3.62,3.82
100621,0.0,0.0,1.89,5.39
100622,0.0,0.0,2.54,6.1
100623,0.0,0.0,2.68,2.3
100624,0.0,0.0,3.26,5.92
100625,0.0,0.0,2.27,2.25
100626,0.0,0.0,2.6,3.32
100627,0.0,0.0,1.87,6.3
100628,0.0,0.0,1.44,2.68
100629,0.0,0.0,2.42,3.89
100630,4.9,4.9,3.5,4.34
100631,0.0,0.0,2.7,6.04
100632,0.0,0.0,1.85,6.3
100633,0.0,0.0,3.08,5.0
100634,5.9,5.9,2.11,2.92
100635,0.0,0.0,1.44,4.02
100636,4.9,4.9,3.84,6.18
100637,0.0,0.0,1.89,6.03
100638,0.0,0.0,3.7,2.63
100639,4.9,4.9,2.34,2.42
100641,0.0,0.0,2.34,5.02
100642,5.9,5.9,2.81,4.3
100643,0.0,0.0,3.15,3.92
100644,0.0,0.0,3.18,6.04
100645,0.0,0.0,3.97,4.36
100646,0.0,0.0,2.67,5.2
100647,0.0,0.0,3.48,5.76
100648,0.0,0.0,3.5,4.13
100649,0.0,0.0,2.09,4.16
100650,0.0,0.0,1.18,3.44
100651,0.0,0.0,3.87,2.22
100652,0.0,0.0,2.63,5.93
100653,0.0,0.0,2.55,3.68
100654,0.0,0.0,3.49,4.37
100655,0.0,0.0,3.46,6.16
100656,0.0,0.0,3.44,3.0
100657,7.9,7.9,3.07,5.53
100658,0.0,0.0,1.13,2.49
100659,0.0,0.0,1.2,5.0
100660,0.0,0.0,3.7,2.83
100661,0.0,0.0,2.84,4.27
100662,0.0,0.0,2.59,5.22
100663,0.0,0.0,2.42,5.14
100664,0.0,0.0,2.27,4.31
100665,0.0,0.0,2.48,3.73
100666,0.0,0.0,3.41,6.23
100667,0.0,0.0,2.18,5.13
100668,4.9,4.9,2.02,4.68
100669,0.0,0.0,3.96,4.3
100670,0.0,0.0,2.89,2.61
100671,7.9,7.9,3.03,6.37
100672,0.0,0.0,2.99,4.21
100673,0.0,0.0,1.94,3.69
100674,5.9,5.9,3.65,2.74
100675,0.0,0.0,2.69,2.7
100676,7.9,7.9,2.85,3.59
100678,0.0,0.0,2.94,4.67
100679,4.9,4.9,1.06,3.47
100680,0.0,0.0,2.17,4.58
100681,0.0,0.0,2.91,6.38
100682,5.9,5.9,1.14,6.48
100683,0.0,0.0,2.43,2.94
100684,0.0,0.0,1.9,4.99
100685,0.0,0.0,1.06,5.16
100686,0.0,0.0,2.91,5.64
100687,0.0,0.0,2.23,5.87
100688,0.0,0.0,1.8,3.29
100689,0.0,0.0,1.58,3.11
100690,0.0,0.0,1.78,5.62
100691,0.0,0.0,1.17,6.03
100692,4.9,4.9,1.71,4.57
100693,0.0,0.0,3.79,3.13
100694,0.0,0.0,3.42,5.35
100695,0.0,0.0,3.85,3.42
100696,0.0,0.0,3.22,5.6
100697,7.9,7.9,1.93,6.31
100698,0.0,0.0,3.88,6.17
100699,0.0,0.0,3.3,3.83
100700,7.9,7.9,2.41,3.86
100701,0.0,0.0,3.19,4.46
100702,0.0,0.0,1.6,3.37
100703,4.9,4.9,3.54,5.09
100704,0.0,0.0,2.18,3.7
100705,0.0,0.0,3.92,2.89
100706,5.9,5.9,1.51,4.55
100707,0.0,0.0,3.76,4.04
100708,0.0,0.0,2.8,6.48
100709,0.0,0.0,2.35,3.12
100710,0.0,0.0,1.29,2.26
100711,0.0,0.0,2.51,3.71
100712,0.0,0.0,1.4,3.43
100713,0.0,0.0,3.63,4.76
100715,0.0,0.0,2.07,5.19
100716,0.0,0.0,3.47,4.53
100717,0.0,0.0,1.23,5.46
100718,0.0,0.0,1.46,2.36
100719,0.0,0.0,3.59,5.61
100720,0.0,0.0,1.72,5.47
100721,0.0,0.0,3.21,6.15
100722,0.0,0.0,2.34,3.75
100723,0.0,0.0,1.28,4.31
100724,0.0,0.0,3.72,4.15
100725,0.0,0.0,2.71,4.48
100726,7.9,7.9,1.28,4.97
100727,0.0,0.0,1.55,3.77
100728,0.0,0.0,1.23,6.42
100729,0.0,0.0,2.43,5.11
100730,4.9,4.9,3.58,2.94
100731,0.0,0.0,1.9,4.09
100732,0.0,0.0,1.6,4.56
100733,0.0,0.0,2.2,4.31
100734,0.0,0.0,1.35,4.8
100735,0.0,0.0,1.66,6.09
100736,0.0,0.0,3.5,5.03
100737,0.0,0.0,1.39,2.9
100738,0.0,0.0,2.48,3.06
100739,0.0,0.0,2.07,2.71
100740,0.0,0.0,2.85,2.54
100741,0.0,0.0,2.67,6.03
100742,7.9,7.9,3.4,6.33
100743,0.0,0.0,3.47,2.19
100744,5.9,5.9,1.47,3.31
100745,0.0,0.0,2.25,5.46
100746,0.0,0.0,1.8,5.22
100747,0.0,0.0,2.23,4.06
100748,0.0,0.0,2.2,5.48
100749,0.0,0.0,3.04,4.49
100750,0.0,0.0,3.1,4.01
100752,0.0,0.0,1.28,4.48
100753,0.0,0.0,1.91,3.9
100754,5.9,5.9,1.37,5.4
100755,0.0,0.0,1.02,3.53
100756,0.0,0.0,1.7,3.35
100757,0.0,0.0,2.75,5.7
100758,0.0,0.0,2.43,4.01
100759,0.0,0.0,2.27,3.98
100760,0.0,0.0,1.35,2.96
100761,0.0,0.0,1.12,2.69
100762,0.0,0.0,3.68,6.0
100763,0.0,0.0,3.61,3.88
100764,0.0,0.0,1.42,4.86
100765,0.0,0.0,1.14,5.02
100766,0.0,0.0,1.26,6.3
100767,0.0,0.0,2.43,6.04
100768,0.0,0.0,3.42,4.73
100769,0.0,0.0,3.94,4.44
100770,0.0,0.0,1.98,2.12
100771,4.9,4.9,2.24,3.46
100772,0.0,0.0,1.35,2.27
100773,0.0,0.0,1.74,4.5
100774,0.0,0.0,3.9,3.68
100775,0.0,0.0,1.0,4.09
100776,0.0,0.0,2.14,3.58
100777,0.0,0.0,2.69,3.35
100778,0.0,0.0,3.84,4.86
100779,0.0,0.0,1.01,2.04
100780,0.0,0.0,3.63,4.93
100781,0.0,0.0,2.06,5.66
100782,0.0,0.0,3.04,5.19
100783,0.0,0.0,2.48,3.63
100784,0.0,0.0,1.83,4.25
100785,0.0,0.0,1.2,2.58
100786,0.0,0.0,3.57,5.96
100787,0.0,0.0,1.01,3.92
100789,0.0,0.0,1.95,3.76
100790,0.0,0.0,3.75,2.89
100791,0.0,0.0,3.81,5.78
100792,4.9,4.9,3.83,5.49
100793,0.0,0.0,1.19,5.61
100794,0.0,0.0,1.31,2.25
100795,7.9,7.9,1.7,4.7
100796,0.0,0.0,1.32,2.06
100797,0.0,0.0,1.38,4.29
100798,0.0,0.0,1.94,3.96
100799,0.0,0.0,2.11,2.04
100800,7.9,7.9,2.03,6.39
100801,0.0,0.0,3.95,4.7
100802,0.0,0.0,3.73,4.23
100803,0.0,0.0,2.4,2.96
100804,0.0,0.0,2.66,2.64
100805,0.0,0.0,1.85,2.99
100806,0.0,0.0,1.06,5.05
100807,0.0,0.0,3.93,6.49
100808,0.0,0.0,2.29,4.86
100809,0.0,0.0,3.56,3.32
100810,7.9,7.9,1.63,2.37
100811,0.0,0.0,2.58,4.17
100812,0.0,0.0,1.92,6.0
100813,0.0,0.0,1.25,4.0
100814,0.0,0.0,2.1,4.24
100815,0.0,0.0,2.51,4.46
100816,0.0,0.0,1.36,3.62
100817,0.0,0.0,2.81,2.62
100818,0.0,0.0,1.04,4.94
100819,7.9,7.9,3.17,4.08
100820,7.9,7.9,1.63,4.02
100821,0.0,0.0,2.26,5.09
100822,0.0,0.0,3.4,6.11
100823,0.0,0.0,1.31,4.49
100824,4.9,4.9,1.6,6.1
100826,0.0,0.0,3.23,3.75
100827,0.0,0.0,2.73,3.4
100828,0.0,0.0,2.34,5.71
100829,0.0,0.0,1.12,2.41
100830,0.0,0.0,3.2,4.06
100831,4.9,4.9,1.82,4.83
100832,0.0,0.0,2.11,5.4
100833,0.0,0.0,3.03,4.08
100834,7.9,7.9,2.45,2.31
100835,0.0,0.0,1.51,2.08
100836,0.0,0.0,3.22,2.76
100837,0.0,0.0,2.07,2.98
100838,0.0,0.0,3.09,5.76
100839,0.0,0.0,1.15,3.7
100840,0.0,0.0,2.27,6.45
100841,0.0,0.0,1.13,4.31
100842,0.0,0.0,1.64,3.6
100843,0.0,0.0,1.2,5.67
100844,0.0,0.0,3.37,6.15
100845,0.0,0.0,3.92,5.12
100846,0.0,0.0,1.05,6.1
100847,0.0,0.0,3.21,5.41
100848,5.9,5.9,1.61,3.69
100849,7.9,7.9,3.22,3.48
100850,0.0,0.0,1.69,5.3
100851,0.0,0.0,2.14,3.45
100852,0.0,0.0,2.78,5.74
100853,4.9,4.9,1.73,2.79
100854,0.0,0.0,3.34,2.36
100855,0.0,0.0,3.38,2.09
100856,0.0,0.0,1.85,4.53
100857,0.0,0.0,3.78,6.23
100858,4.9,4.9,1.58,3.96
100859,0.0,0.0,2.95,6.17
100860,0.0,0.0,3.03,5.14
100861,0.0,0.0,2.81,6.28
100863,4.9,4.9,3.49,3.14
100864,0.0,0.0,3.79,3.79
100865,0.0,0.0,2.96,5.3
100866,0.0,0.0,2.51,2.5
100867,0.0,0.0,3.71,3.84
100868,0.0,0.0,2.13,3.25
100869,0.0,0.0,1.02,4.62
100870,0.0,0.0,2.13,4.34
100871,0.0,0.0,3.45,6.23
100872,0.0,0.0,1.37,4.39
100873,0.0,0.0,2.98,2.01
100874,0.0,0.0,2.2,4.76
100875,0.0,0.0,3.82,4.14
100876,4.9,4.9,3.14,5.91
100877,0.0,0.0,2.4,6.03
100878,0.0,0.0,1.63,5.39
100879,0.0,0.0,1.48,6.18
100880,0.0,0.0,3.08,5.92
100881,0.0,0.0,3.15,5.31
100882,0.0,0.0,2.78,2.85
100883,0.0,0.0,1.94,3.71
100884,4.9,4.9,3.54,6.41
100885,0.0,0.0,2.61,4.07
100886,0.0,0.0,1.93,6.46
100887,0.0,0.0,3.49,4.23
100888,0.0,0.0,3.18,3.35
100889,0.0,0.0,3.27,3.76
100890,0.0,0.0,3.37,5.9
100891,4.9,4.9,2.73,3.99
100892,0.0,0.0,3.36,5.86
100893,0.0,0.0,2.78,6.36
100894,0.0,0.0,3.59,4.93
100895,0.0,0.0,2.76,6.44
100896,0.0,0.0,1.19,6.09
100897,0.0,0.0,3.37,2.56
100898,0.0,0.0,1.02,4.01
100900,5.9,5.9,3.9,2.77
100901,5.9,5.9,2.98,4.0
100902,0.0,0.0,1.56,3.35
100903,0.0,0.0,3.19,3.9
100904,0.0,0.0,1.43,2.92
100905,0.0,0.0,1.95,5.55
100906,0.0,0.0,2.0,3.23
100907,0.0,0.0,1.32,6.17
100908,0.0,0.0,2.82,6.03
100909,0.0,0.0,3.65,3.81
100910,0.0,0.0,2.7,3.2
100911,0.0,0.0,2.51,3.24
100912,0.0,0.0,1.23,3.08
100913,0.0,0.0,3.23,4.49
100914,0.0,0.0,2.22,4.77
100915,0.0,0.0,3.25,3.1
100916,4.9,4.9,1.52,3.65
100917,0.0,0.0,3.91,3.52
100918,0.0,0.0,1.64,5.32
100919,0.0,0.0,3.68,5.82
100920,5.9,5.9,1.9,2.48
100921,0.0,0.0,2.54,2.69
100922,0.0,0.0,3.31,3.13
100923,0.0,0.0,2.06,3.95
100924,0.0,0.0,1.99,2.14
100925,0.0,0.0,3.4,5.21
100926,0.0,0.0,1.38,3.55
100927,0.0,0.0,3.49,3.93
100928,7.9,7.9,1.25,3.93
100929,4.9,4.9,3.0,3.93
100930,0.0,0.0,1.4,2.17
100931,0.0,0.0,1.15,3.83
100932,0.0,0.0,1.91,3.21
100933,0.0,0.0,3.23,2.95
100934,0.0,0.0,3.31,2.59
100935,0.0,0.0,2.15,5.99
100937,0.0,0.0,2.86,3.36
100938,0.0,0.0,3.13,6.01
100939,0.0,0.0,2.51,2.1
100940,0.0,0.0,2.19,5.08
100941,0.0,0.0,2.15,5.51
100942,0.0,0.0,3.12,4.36
100943,0.0,0.0,2.92,6.24
100944,0.0,0.0,1.0,3.56
100945,0.0,0.0,3.96,4.82
100946,5.9,5.9,1.53,6.37
100947,5.9,5.9,3.61,4.85
100948,0.0,0.0,3.42,5.39
100949,0.0,0.0,1.54,2.83
100950,0.0,0.0,1.06,2.73
100951,4.9,4.9,2.37,4.9
100952,0.0,0.0,3.31,3.2
100953,0.0,0.0,2.63,5.68
100954,0.0,0.0,2.69,4.0
100955,5.9,5.9,2.88,2.55
100956,7.9,7.9,1.43,6.1
100957,5.9,5.9,2.97,3.02
100958,4.9,4.9,1.31,6.3
100959,0.0,0.0,2.29,3.51
100960,0.0,0.0,1.86,5.94
100961,0.0,0.0,1.44,2.67
100962,0.0,0.0,1.55,3.73
100963,0.0,0.0,2.65,4.42
100964,0.0,0.0,1.61,5.83
100965,0.0,0.0,3.6,5.69
100966,0.0,0.0,1.41,6.33
100967,0.0,0.0,2.99,2.33
100968,0.0,0.0,2.71,5.66
100969,0.0,0.0,1.9,3.85
100970,0.0,0.0,1.52,2.72
100971,0.0,0.0,1.47,6.38
100972,0.0,0.0,2.41,3.41
100974,0.0,0.0,1.61,6.18
100975,0.0,0.0,2.45,2.22
100976,5.9,5.9,3.88,4.25
100977,0.0,0.0,3.42,2.68
100978,0.0,0.0,3.42,4.94
100979,0.0,0.0,1.39,3.31
100980,0.0,0.0,1.04,5.45
100981,0.0,0.0,1.84,3.63
100982,7.9,7.9,1.77,4.13
100983,0.0,0.0,2.2,5.86
100984,0.0,0.0,3.05,4.28
100985,0.0,0.0,2.68,2.7
100986,7.9,7.9,3.56,3.0
100987,0.0,0.0,1.6,3.48
100988,0.0,0.0,1.44,2.96
100989,5.9,5.9,3.37,6.4
100990,0.0,0.0,2.91,2.38
100991,0.0,0.0,3.62,4.03
100992,0.0,0.0,2.05,3.89
100993,0.0,0.0,3.17,4.6
100994,0.0,0.0,2.5,3.42
100995,0.0,0.0,1.56,5.13
100996,0.0,0.0,2.11,3.64
100997,0.0,0.0,2.63,4.35
100998,0.0,0.0,2.14,5.8
100999,0.0,0.0,3.25,4.81
101000,0.0,0.0,3.42,5.0
101001,0.0,0.0,3.46,5.17
101002,5.9,5.9,3.64,3.19
101003,0.0,0.0,2.8,3.51
101004,0.0,0.0,1.52,6.07
101005,7.9,7.9,3.53,4.82
101006,0.0,0.0,2.78,2.13
101007,0.0,0.0,3.2,6.43
101008,0.0,0.0,2.98,3.24
101009,0.0,0.0,2.79,2.48
101011,0.0,0.0,2.35,2.72
101012,0.0,0.0,2.45,4.76
101013,0.0,0.0,3.78,2.87
101014,4.9,4.9,1.65,3.64
101015,0.0,0.0,2.44,6.29
101016,0.0,0.0,1.75,2.89
101017,0.0,0.0,3.24,5.67
101018,0.0,0.0,2.7,3.68
101019,0.0,0.0,3.87,3.14
101020,0.0,0.0,1.22,4.96
101021,0.0,0.0,3.39,6.04
101022,4.9,4.9,1.31,3.25
101023,0.0,0.0,2.31,5.66
101024,0.0,0.0,1.37,2.77
101025,0.0,0.0,3.73,3.28
101026,0.0,0.0,1.82,5.39
101027,0.0,0.0,3.81,2.46
101028,7.9,7.9,1.68,2.4
101029,0.0,0.0,3.84,2.34
101030,0.0,0.0,3.0,4.35
101031,0.0,0.0,2.45,2.41
101032,0.0,0.0,1.23,4.23
101033,0.0,0.0,1.31,2.94
101034,0.0,0.0,2.09,6.39
101035,0.0,0.0,1.92,5.91
101036,0.0,0.0,3.24,3.08
101037,0.0,0.0,2.19,3.94
101038,0.0,0.0,1.57,2.79
101039,0.0,0.0,1.16,2.16
101040,0.0,0.0,1.3,5.3
101041,0.0,0.0,1.28,4.26
101042,0.0,0.0,3.0,3.93
101043,0.0,0.0,1.51,5.42
101044,0.0,0.0,2.46,3.11
101045,5.9,5.9,3.51,4.36
101046,0.0,0.0,3.2,6.45
101048,0.0,0.0,1.06,6.4
101049,0.0,0.0,3.09,3.94
101050,0.0,0.0,3.9,5.95
101051,0.0,0.0,3.11,5.75
101052,5.9,5.9,1.87,6.36
101053,0.0,0.0,1.88,4.04
101054,7.9,7.9,2.06,5.75
101055,5.9,5.9,3.36,4.26
101056,0.0,0.0,3.75,3.31
101057,0.0,0.0,3.04,3.74
101058,0.0,0.0,1.6,2.61
101059,0.0,0.0,2.13,5.94
101060,0.0,0.0,3.74,2.12
101061,0.0,0.0,1.16,5.8
101062,0.0,0.0,1.16,2.25
101063,5.9,5.9,2.7,5.11
101064,0.0,0.0,3.22,2.24
101065,0.0,0.0,3.69,4.88
101066,4.9,4.9,1.34,2.0
101067,0.0,0.0,2.42,5.75
101068,0.0,0.0,3.58,4.78
101069,0.0,0.0,3.0,6.32
101070,0.0,0.0,2.69,2.05
101071,0.0,0.0,2.38,2.04
101072,0.0,0.0,1.19,4.95
101073,0.0,0.0,1.2,5.78
101074,0.0,0.0,2.74,4.63
101075,0.0,0.0,3.43,5.3
101076,0.0,0.0,2.26,2.29
101077,5.9,5.9,1.32,4.02
101078,0.0,0.0,3.04,3.01
101079,0.0,0.0,1.07,6.32
101080,0.0,0.0,2.08,3.84
101081,7.9,7.9,1.57,2.93
101082,0.0,0.0,3.35,3.34
101083,5.9,5.9,1.07,5.7
101085,0.0,0.0,2.64,6.01
101086,0.0,0.0,1.99,5.41
101087,0.0,0.0,2.04,2.32
101088,0.0,0.0,2.95,3.94
101089,0.0,0.0,3.58,5.07
101090,0.0,0.0,3.3,5.13
101091,0.0,0.0,1.17,3.04
101092,0.0,0.0,3.97,2.07
101093,0.0,0.0,1.94,4.71
101094,0.0,0.0,1.75,4.45
101095,0.0,0.0,1.8,5.14
101096,7.9,7.9,1.84,2.92
101097,4.9,4.9,1.11,3.06
101098,0.0,0.0,3.56,3.73
101099,0.0,0.0,1.67,3.71
101100,0.0,0.0,3.72,5.65
101101,0.0,0.0,2.28,5.28
101102,5.9,5.9,3.58,6.22
101103,0.0,0.0,3.05,3.23
101104,0.0,0.0,1.82,3.21
101105,0.0,0.0,3.54,4.0
101106,5.9,5.9,2.44,5.8
101107,0.0,0.0,2.65,6.29
101108,0.0,0.0,2.89,2.66
101109,4.9,4.9,3.05,5.87
101110,0.0,0.0,3.57,3.59
101111,0.0,0.0,2.52,2.51
101112,5.9,5.9,3.49,5.06
101113,0.0,0.0,1.43,3.47
101114,0.0,0.0,1.87,2.68
101115,5.9,5.9,2.53,5.51
101116,0.0,0.0,3.88,6.47
101117,0.0,0.0,3.51,3.32
101118,0.0,0.0,3.08,4.0
101119,0.0,0.0,3.48,2.56
101120,0.0,0.0,3.39,3.54
101122,0.0,0.0,1.36,3.19
101123,0.0,0.0,3.71,3.59
101124,0.0,0.0,3.98,2.2
101125,0.0,0.0,3.2,5.26
101126,5.9,5.9,3.02,4.04
101127,0.0,0.0,2.69,6.04
101128,0.0,0.0,2.85,2.45
101129,0.0,0.0,1.78,4.73
101130,4.9,4.9,1.29,4.48
101131,4.9,4.9,1.02,5.75
101132,7.9,7.9,3.2,4.34
101133,0.0,0.0,1.35,3.59
101134,5.9,5.9,1.47,3.51
101135,0.0,0.0,3.52,4.98
101136,7.9,7.9,3.62,2.99
101137,0.0,0.0,1.85,2.89
101138,0.0,0.0,2.47,4.75
101139,4.9,4.9,2.91,4.18
101140,0.0,0.0,2.89,4.69
101141,0.0,0.0,2.98,3.56
101142,0.0,0.0,3.67,5.52
101143,0.0,0.0,1.95,3.76
101144,0.0,0.0,3.63,4.41
101145,0.0,0.0,3.85,2.1
101146,0.0,0.0,3.96,5.77
101147,0.0,0.0,1.06,6.23
101148,0.0,0.0,1.47,3.36
101149,0.0,0.0,2.13,3.8
101150,0.0,0.0,2.76,3.76
101151,0.0,0.0,3.91,4.59
101152,0.0,0.0,2.49,3.77
101153,0.0,0.0,2.34,4.15
101154,0.0,0.0,1.25,3.81
101155,0.0,0.0,3.07,4.69
101156,7.9,7.9,2.64,3.41
101157,0.0,0.0,2.28,2.35
101159,0.0,0.0,2.31,3.32
101160,0.0,0.0,3.41,6.28
101161,0.0,0.0,3.15,4.13
101162,0.0,0.0,1.28,4.06
101163,4.9,4.9,1.2,4.86
101164,0.0,0.0,3.73,3.92
101165,0.0,0.0,1.46,5.29
101166,0.0,0.0,3.32,4.66
101167,0.0,0.0,3.97,2.41
101168,7.9,7.9,2.28,4.12
101169,0.0,0.0,3.52,3.43
101170,0.0,0.0,3.87,6.25
101171,0.0,0.0,2.67,3.96
101172,0.0,0.0,3.63,6.14
101173,5.9,5.9,2.58,2.03
101174,0.0,0.0,2.94,4.89
101175,0.0,0.0,2.42,5.94
101176,4.9,4.9,3.12,2.8
101177,5.9,5.9,3.95,2.87
101178,4.9,4.9,3.72,4.64
101179,0.0,0.0,3.0,2.28
101180,0.0,0.0,2.33,3.24
101181,0.0,0.0,2.68,2.53
101182,0.0,0.0,2.77,6.35
101183,0.0,0.0,3.17,3.11
101184,0.0,0.0,1.53,2.63
101185,7.9,7.9,1.79,4.2
101186,0.0,0.0,2.61,2.95
101187,0.0,0.0,2.4,2.14
101188,7.9,7.9,2.76,3.68
101189,0.0,0.0,2.94,2.45
101190,0.0,0.0,2.73,3.96
101191,0.0,0.0,3.7,4.28
101192,0.0,0.0,3.92,5.38
101193,0.0,0.0,2.38,4.96
101194,0.0,0.0,1.61,2.41
101196,0.0,0.0,3.74,5.01
101197,0.0,0.0,3.46,5.29
101198,0.0,0.0,2.02,5.7
101199,0.0,0.0,2.28,3.28
101200,0.0,0.0,1.25,5.09
101201,0.0,0.0,1.04,3.44
101202,0.0,0.0,3.41,4.03
101203,0.0,0.0,2.6,3.73
101204,0.0,0.0,3.18,4.05
101205,0.0,0.0,3.6,4.07
101206,0.0,0.0,1.76,3.52
101207,0.0,0.0,1.89,2.16
101208,7.9,7.9,1.75,2.38
101209,0.0,0.0,2.29,3.24
101210,0.0,0.0,2.91,5.97
101211,0.0,0.0,2.3,2.52
101212,0.0,0.0,1.73,5.6
101213,0.0,0.0,3.73,5.05
101214,7.9,7.9,2.97,3.24
101215,0.0,0.0,2.83,4.07
101216,0.0,0.0,3.56,4.25
101217,0.0,0.0,2.89,4.53
101218,0.0,0.0,1.09,4.81
101219,5.9,5.9,2.67,4.21
101220,0.0,0.0,1.37,3.78
101221,0.0,0.0,3.95,6.41
101222,0.0,0.0,3.58,4.23
101223,0.0,0.0,2.97,5.08
101224,7.9,7.9,2.23,4.86
101225,0.0,0.0,3.2,6.25
101226,7.9,7.9,2.66,5.89
